-- phpMyAdmin SQL Dump
-- version 4.9.3
-- https://www.phpmyadmin.net/
--
-- Host: studmysql01.fhict.local
-- Generation Time: Jan 16, 2021 at 06:27 PM
-- Server version: 5.7.26-log
-- PHP Version: 7.3.26

SET SQL_MODE = "NO_AUTO_VALUE_ON_ZERO";
SET AUTOCOMMIT = 0;
START TRANSACTION;
SET time_zone = "+00:00";


/*!40101 SET @OLD_CHARACTER_SET_CLIENT=@@CHARACTER_SET_CLIENT */;
/*!40101 SET @OLD_CHARACTER_SET_RESULTS=@@CHARACTER_SET_RESULTS */;
/*!40101 SET @OLD_COLLATION_CONNECTION=@@COLLATION_CONNECTION */;
/*!40101 SET NAMES utf8mb4 */;

--
-- Database: `dbi428535`
--

-- --------------------------------------------------------

--
-- Table structure for table `art`
--

CREATE TABLE `art` (
  `ID` int(11) NOT NULL,
  `Name` varchar(255) NOT NULL,
  `Category` varchar(255) NOT NULL,
  `Image` varchar(200) NOT NULL,
  `Description` longtext NOT NULL,
  `Type` varchar(255) NOT NULL,
  `Size` varchar(255) NOT NULL,
  `Quantity` int(10) NOT NULL,
  `Price` decimal(10,2) NOT NULL,
  `Review` tinyint(1) DEFAULT NULL,
  `CreationDate` timestamp NOT NULL DEFAULT CURRENT_TIMESTAMP,
  `LastUpdate` datetime DEFAULT NULL ON UPDATE CURRENT_TIMESTAMP,
  `ArtistID` int(11) DEFAULT NULL,
  `UserID` int(11) DEFAULT NULL
) ENGINE=InnoDB DEFAULT CHARSET=utf8;

--
-- Dumping data for table `art`
--

INSERT INTO `art` (`ID`, `Name`, `Category`, `Image`, `Description`, `Type`, `Size`, `Quantity`, `Price`, `Review`, `CreationDate`, `LastUpdate`, `ArtistID`, `UserID`) VALUES
(1, 'Latlux', 'Representational', 'k8-2kbM8VOa9zs-unsplash.jpg', 'Proin at turpis a pede posuere nonummy.', 'Oil painting', '0,53m', 5, '16547.00', 1, '2020-08-29 22:00:00', '2020-11-29 21:41:08', 179, 162),
(2, 'Hatity', 'Abstract', 'birmingham-museums-trust-zWE5pOLWkio-unsplash.jpg', 'Vivamus vestibulum sagittis sapien.', 'Water painting', '0,1m', 3, '8351.73', NULL, '2020-08-19 08:22:08', '2020-11-29 21:53:46', 157, 28),
(3, 'Stim', 'Sculpture', 'claire-ward-BKcuYz9IUHs-unsplash.jpg', '', 'Marble', '0,57m', 2, '6789.53', NULL, '2020-08-14 11:00:59', '2020-11-29 21:53:46', 99, 64),
(4, 'Redhold', 'Non-objective', 'victor-grabarczyk-wN9DU73b8_s-unsplash.jpg', 'Phasellus id sapien in sapien iaculis congue.', 'Mix of styles', '0,75m', 2, '17275.00', NULL, '2020-08-15 07:05:06', '2020-11-29 21:53:46', 268, 35),
(5, 'Gembucket', 'Representational', 'manu-b-O_YS8-6sMJg-unsplash.jpg', 'Nam nulla.', 'Oil painting', '1,66m', 4, '10394.35', 1, '2020-09-17 22:00:00', '2020-11-29 21:41:08', 18, 138),
(6, 'Flowdesk', 'Abstract', 'pavel-nekoranec-8ALBNshSZTE-unsplash.jpg', '', 'Water painting', '1,12m', 1, '18844.37', NULL, '2020-09-03 03:29:04', '2020-11-29 21:53:46', 205, 35),
(7, 'Overhold', 'Sculpture', 'jean-philippe-delberghe-75xPHEQBmvA-unsplash.jpg', 'Mauris ullamcorper purus sit amet nulla.', 'Marble', '0,67m', 1, '10193.74', 1, '2020-09-24 22:00:00', '2020-11-29 21:41:08', 272, 165),
(8, 'Alphazap', 'Non-objective', 'europeana-GTghGzaGTJc-unsplash.jpg', '', 'Mix of styles', '1,25m', 3, '12295.29', 1, '2020-09-05 22:00:00', '2020-11-29 21:41:08', 61, 99),
(9, 'Overhold', 'Representational', 'sophie-louisnard-h9rhcAQwgto-unsplash.jpg', '', 'Oil painting', '1,51m', 3, '15810.25', 1, '2020-09-14 22:00:00', '2020-11-29 21:41:08', 191, 86),
(10, 'Tampflex', 'Representational', 'aidana-khabdesh-dUdANpA0d1o-unsplash.jpg', '', 'Water painting', '0,87m', 0, '6251.52', 1, '2020-09-09 22:00:00', '2020-11-29 21:41:08', 87, 46),
(11, 'Greenlam', 'Abstract', 'brandon-vazquez-jdvpdAvDuB0-unsplash.jpg', 'In hac habitasse platea dictumst.', 'Marble', '1,9m', 1, '12595.40', NULL, '2020-12-03 22:16:38', '2020-11-29 21:53:46', 181, 82),
(12, 'Cardify', 'Sculpture', 'lawrence-makoona-UiyLwbIPGX4-unsplash.jpg', 'Praesent lectus.', 'Mix of styles', '0,78m', 4, '12252.99', 1, '2020-09-17 22:00:00', '2020-11-29 21:41:08', 49, 68),
(13, 'Cardguard', 'Non-objective', 'simon-tackaert-PC04Fvgwmrs-unsplash.jpg', '', 'Oil painting', '0,67m', 0, '9857.02', 1, '2020-09-18 22:00:00', '2020-11-29 21:41:08', 179, 84),
(14, 'Latlux', 'Representational', 'tina-witherspoon-pKhysdt2Xl4-unsplash.jpg', '', 'Water painting', '0,81m', 4, '8136.92', 1, '2020-09-26 22:00:00', '2020-11-29 21:41:08', 67, 23),
(15, 'Vagram', 'Abstract', 'kanwardeep-kaur-0-VvBHdQpqM-unsplash.jpg', '', 'Marble', '0,12m', 2, '593.37', 1, '2020-09-26 22:00:00', '2020-11-29 21:41:08', 219, 57),
(16, 'Treeflex', 'Sculpture', 'birmingham-museums-trust-GJHAB0gxvtg-unsplash.jpg', '', 'Mix of styles', '0,53m', 4, '19283.27', 1, '2020-09-25 22:00:00', '2020-11-29 21:41:08', 8, 171),
(17, 'Bamity', 'Non-objective', 'birmingham-museums-trust-XP81dRWU90E-unsplash.jpg', '', 'Oil painting', '1,29m', 4, '4788.26', 1, '2020-08-30 22:00:00', '2020-11-29 21:41:08', 277, 44),
(18, 'Domainer', 'Representational', 'toa-heftiba-RXzHcftIdYU-unsplash.jpg', '', 'Water painting', '0,14m', 0, '15283.22', 1, '2020-09-10 22:00:00', '2020-11-29 21:41:08', 235, 4),
(19, 'Job', 'Representational', 'evie-s-vbA1HNW-APA-unsplash.jpg', '', 'Marble', '0,71m', 4, '2003.84', 1, '2020-09-07 22:00:00', '2020-11-29 21:41:08', 122, 173),
(20, 'Alphazap', 'Abstract', 'jean-marc-vieregge-Q9IGFfztBe4-unsplash.jpg', '', 'Mix of styles', '0,54m', 2, '14839.26', 1, '2020-09-10 22:00:00', '2020-11-29 21:41:08', 94, 21),
(21, 'Holdlamis', 'Sculpture', 'paula-russell-vqNy9grXp2E-unsplash.jpg', 'Etiam pretium iaculis justo.', 'Oil painting', '0,26m', 3, '2204.48', NULL, '2020-10-03 10:02:30', '2020-11-29 21:53:46', 57, 51),
(22, 'Subin', 'Non-objective', 'susan-wilkinson-z7ktPMBH96I-unsplash.jpg', 'Integer a nibh.', 'Water painting', '1,36m', 5, '17198.73', 1, '2020-09-10 22:00:00', '2020-11-29 21:41:08', 181, 181),
(23, 'Prodder', 'Representational', 'birmingham-museums-trust-6fv0MEf3FUE-unsplash.jpg', 'Duis bibendum, felis sed interdum venenatis, turpis enim blandit mi, in porttitor pede justo eu massa.', 'Marble', '0,22m', 3, '8560.36', 1, '2020-09-06 22:00:00', '2020-11-29 21:41:08', 236, 178),
(24, 'Hatity', 'Abstract', 'kasturi-roy-ERzfB-_BQXQ-unsplash.jpg', 'In hac habitasse platea dictumst.', 'Mix of styles', '0,76m', 2, '18298.84', NULL, '2020-11-08 01:29:12', '2020-11-29 21:53:46', 213, 164),
(25, 'Temp', 'Sculpture', 'nelson-estevao-skqBG4eZw38-unsplash.jpg', '', 'Oil painting', '1,92m', 5, '11031.39', 1, '2020-09-05 22:00:00', '2020-11-29 21:41:08', 270, 135),
(26, 'Tin', 'Non-objective', 'pavel-nekoranec-I__QKQLMIKs-unsplash.jpg', '', 'Water painting', '1,18m', 3, '15223.48', 1, '2020-09-11 22:00:00', '2020-11-29 21:41:08', 1, 59),
(27, 'Daltfresh', 'Representational', 'marina-reich-Lh6G7kMdGr0-unsplash.jpg', '', 'Marble', '0,64m', 5, '1541.93', 1, '2020-09-01 22:00:00', '2020-11-29 21:41:08', 135, 99),
(28, 'Keylex', 'Representational', 'tania-miron-QTGrebUeYMM-unsplash.jpg', '', 'Mix of styles', '1,78m', 3, '8884.88', NULL, '2020-12-31 09:25:05', '2020-11-29 21:53:46', 21, 31),
(29, 'Cookley', 'Abstract', 'the-bud-box-singapore-K2bDPiWams0-unsplash.jpg', 'Nulla suscipit ligula in lacus.', 'Oil painting', '1,61m', 2, '4503.22', NULL, '2020-08-04 02:44:21', '2020-11-29 21:53:46', 53, 59),
(30, 'Temp', 'Sculpture', 'jon-tyson-9sR0K4D1gNQ-unsplash.jpg', '', 'Water painting', '0,73m', 4, '11494.11', NULL, '2020-08-25 04:33:05', '2020-11-29 21:53:46', 143, 27),
(31, 'Sub-Ex', 'Non-objective', 'daniel-olah-pCcGpVsOHoo-unsplash.jpg', '', 'Marble', '0,49m', 0, '19000.96', 1, '2020-09-19 22:00:00', '2020-11-29 21:41:08', 275, 52),
(32, 'Biodex', 'Representational', 'orlova-maria-bU8TeXhsPcY-unsplash.jpg', 'Aliquam augue quam, sollicitudin vitae, consectetuer eget, rutrum at, lorem.', 'Mix of styles', '0,32m', 3, '6405.16', NULL, '2020-11-22 16:38:55', '2020-11-29 21:53:46', 146, 152),
(33, 'Ronstring', 'Abstract', 'kobu-agency-k41cAJvJ7h0-unsplash.jpg', '', 'Oil painting', '0,89m', 4, '6191.42', 1, '2020-09-21 22:00:00', '2020-11-29 21:41:08', 238, 17),
(34, 'Zaam-Dox', 'Sculpture', 'british-library-P9LLPWNrV88-unsplash.jpg', '', 'Water painting', '1,86m', 0, '8141.49', 1, '2020-09-06 22:00:00', '2020-11-29 21:41:08', 130, 126),
(35, 'Tempsoft', 'Non-objective', 'viktoria-svishch-ax5MIeV5mfA-unsplash.jpg', 'Cras pellentesque volutpat dui.', 'Marble', '1,24m', 0, '14030.14', 1, '2020-09-05 22:00:00', '2020-11-29 21:41:08', 166, 157),
(36, 'Lotlux', 'Representational', 'olga-serjantu-JXGPAo_pHd4-unsplash.jpg', '', 'Mix of styles', '1,54m', 4, '648.68', 1, '2020-08-29 22:00:00', '2020-11-29 21:41:08', 92, 130),
(37, 'Tresom', 'Representational', 'markus-spiske-4W5WWKaxsKs-unsplash.jpg', '', 'Oil painting', '1,5m', 5, '10301.24', 1, '2020-09-20 22:00:00', '2020-11-29 21:41:08', 112, 93),
(38, 'Tempsoft', 'Abstract', 'birmingham-museums-trust-OdtLtgajtyc-unsplash.jpg', '', 'Water painting', '0,85m', 0, '11344.86', NULL, '2020-09-04 02:41:55', '2020-11-29 21:53:46', 154, 136),
(39, 'Redhold', 'Sculpture', 'yue-iris-eP6jHmYsAyA-unsplash.jpg', 'Cum sociis natoque penatibus et magnis dis parturient montes, nascetur ridiculus mus.', 'Marble', '0,41m', 0, '18260.01', 1, '2020-09-09 22:00:00', '2020-11-29 21:41:08', 139, 186),
(40, 'Ventosanzap', 'Non-objective', 'karen-martinez-_bHzC5CSyYY-unsplash.jpg', '', 'Mix of styles', '1,82m', 1, '4472.97', NULL, '2020-12-19 18:39:25', '2020-11-29 21:53:46', 138, 150),
(41, 'Asoka', 'Representational', 'birmingham-museums-trust-frFAJ_695DU-unsplash.jpg', 'Curabitur gravida nisi at nibh.', 'Oil painting', '0,43m', 5, '6231.29', 1, '2020-09-08 22:00:00', '2020-11-29 21:41:08', 172, 22),
(42, 'Bigtax', 'Abstract', 'british-library-Y7HuOsOhCrQ-unsplash.jpg', 'Cras mi pede, malesuada in, imperdiet et, commodo vulputate, justo.', 'Water painting', '0,31m', 5, '19920.03', 1, '2020-09-10 22:00:00', '2020-11-29 21:41:08', 205, 34),
(43, 'Stronghold', 'Sculpture', 'birmingham-museums-trust-5ruS8plfbvM-unsplash.jpg', 'Aliquam non mauris.', 'Marble', '1,76m', 0, '9931.50', NULL, '2020-12-18 19:17:54', '2020-11-29 21:53:46', 39, 77),
(44, 'Hatity', 'Non-objective', 'europeana--agv5fnZ3_I-unsplash.jpg', 'Integer tincidunt ante vel ipsum.', 'Mix of styles', '1,51m', 1, '13436.42', 1, '2020-09-18 22:00:00', '2020-11-29 21:41:08', 157, 198),
(45, 'Lotlux', 'Representational', 'annie-spratt-rZ6Qfk8BuTI-unsplash.jpg', 'Nullam porttitor lacus at turpis.', 'Oil painting', '1,75m', 2, '7809.74', 1, '2020-09-02 22:00:00', '2020-11-29 21:41:08', 102, 12),
(46, 'Kanlam', 'Representational', 'jeremy-lishner-tKgcMR8saYA-unsplash.jpg', 'Suspendisse accumsan tortor quis turpis.', 'Water painting', '1,32m', 2, '2183.67', NULL, '2020-12-03 03:37:48', '2020-11-29 21:53:46', 145, 44),
(47, 'Veribet', 'Abstract', 'birmingham-museums-trust-EdhYnPM_dbI-unsplash.jpg', '', 'Marble', '0,06m', 0, '4037.28', 1, '2020-09-06 22:00:00', '2020-11-29 21:41:08', 10, 68),
(48, 'Sub-Ex', 'Sculpture', 'susan-wilkinson-fPpHF-Wiob0-unsplash.jpg', '', 'Mix of styles', '0,42m', 1, '9233.38', NULL, '2020-09-18 18:21:52', '2020-11-29 21:53:46', 246, 14),
(49, 'Lotstring', 'Non-objective', 'birmingham-museums-trust-e0wBK0xJXYQ-unsplash.jpg', '', 'Oil painting', '1,7m', 5, '9420.32', 1, '2020-09-04 22:00:00', '2020-11-29 21:41:08', 6, 148),
(50, 'Aerified', 'Representational', 'visuel-colonie-PCPHbj5ICH0-unsplash.jpg', 'In hac habitasse platea dictumst.', 'Water painting', '1,76m', 0, '16815.16', 1, '2020-09-20 22:00:00', '2020-11-29 21:41:08', 234, 82),
(51, 'Tin', 'Abstract', 'monica-dahiya-ByjphQkZYRM-unsplash.jpg', 'Quisque ut erat.', 'Marble', '1,17m', 4, '1514.05', 1, '2020-09-17 22:00:00', '2020-11-29 21:41:08', 236, 101),
(52, 'Lotlux', 'Sculpture', 'mehrad-vosoughi-1E5XakhWNOw-unsplash.jpg', '', 'Mix of styles', '0,5m', 4, '5241.03', NULL, '2020-08-29 02:02:29', '2020-11-29 21:53:46', 228, 86),
(53, 'Stringtough', 'Non-objective', 'paul-blenkhorn-sensoryarthouse--84767CQrS8-unsplash.jpg', '', 'Oil painting', '1,18m', 0, '324.89', 1, '2020-09-13 22:00:00', '2020-11-29 21:41:08', 80, 86),
(54, 'Latlux', 'Representational', 'susan-wilkinson-nq6P5gh6WvY-unsplash.jpg', '', 'Water painting', '0,67m', 0, '6956.36', 1, '2020-09-07 22:00:00', '2020-11-29 21:41:08', 242, 52),
(55, 'Stringtough', 'Representational', 'british-library-Qa6Avl3xZ_M-unsplash.jpg', 'Donec ut dolor.', 'Marble', '1,54m', 3, '16046.47', NULL, '2020-12-29 18:13:24', '2020-11-29 21:53:46', 271, 86),
(56, 'Lotstring', 'Abstract', 'kazden-cattapan-LKRSUMDI5NA-unsplash.jpg', '', 'Mix of styles', '0,24m', 2, '11537.25', 1, '2020-09-18 22:00:00', '2020-11-29 21:41:08', 286, 22),
(57, 'Aerified', 'Sculpture', 'dayee-2ZMj_aeGuNI-unsplash.jpg', '', 'Oil painting', '1,48m', 0, '13886.09', NULL, '2020-09-23 05:06:07', '2020-11-29 21:53:46', 57, 84),
(58, 'Pannier', 'Non-objective', 'birmingham-museums-trust-pxMaBQX2AIs-unsplash.jpg', 'Mauris lacinia sapien quis libero.', 'Water painting', '1,12m', 4, '18000.42', 1, '2020-08-29 22:00:00', '2020-11-29 21:41:08', 85, 104),
(59, 'Duobam', 'Representational', 'alireza-zarafshani--6qgTcW5wQk-unsplash.jpg', '', 'Marble', '1,16m', 1, '6664.02', 1, '2020-09-13 22:00:00', '2020-11-29 21:41:08', 54, 37),
(60, 'Job', 'Abstract', 'dim-7-DB7u9kZnzgg-unsplash.jpg', '', 'Mix of styles', '0,24m', 0, '12933.01', NULL, '2020-12-04 01:56:56', '2020-11-29 21:53:46', 56, 44),
(61, 'Sub-Ex', 'Sculpture', 'europeana-mU0oa66FJEQ-unsplash.jpg', 'In hac habitasse platea dictumst.', 'Oil painting', '0,92m', 5, '6868.41', NULL, '2020-08-04 23:32:55', '2020-11-29 21:53:46', 103, 200),
(62, 'Konklab', 'Non-objective', 'meric-dagli-3KJpF86nR4c-unsplash.jpg', 'Vivamus vestibulum sagittis sapien.', 'Water painting', '0,18m', 2, '12559.12', 1, '2020-09-15 22:00:00', '2020-11-29 21:41:08', 177, 199),
(63, 'It', 'Representational', 'ashkan-forouzani-XLYqnzJlbNs-unsplash.jpg', 'Pellentesque at nulla.', 'Marble', '1,81m', 5, '19211.90', NULL, '2020-11-19 12:00:19', '2020-11-29 21:53:46', 59, 174),
(64, 'Hatity', 'Representational', 'brandon-vazquez-EqeJrBFGQd0-unsplash.jpg', '', 'Mix of styles', '0,06m', 5, '280.53', 1, '2020-09-23 22:00:00', '2020-11-29 21:41:08', 142, 28),
(65, 'Ronstring', 'Abstract', 'abin-varghese-woC7_1c_kZQ-unsplash.jpg', '', 'Oil painting', '0,95m', 4, '11822.62', 1, '2020-09-13 22:00:00', '2020-11-29 21:41:08', 19, 163),
(66, 'Mat Lam Tam', 'Sculpture', 'lisa-li-lB6LecQ_ohw-unsplash.jpg', 'Vivamus vestibulum sagittis sapien.', 'Water painting', '0,26m', 3, '12264.46', 1, '2020-09-13 22:00:00', '2020-11-29 21:41:08', 104, 85),
(67, 'Zontrax', 'Non-objective', 'adrianna-geo-1rBg5YSi00c-unsplash.jpg', '', 'Marble', '0,76m', 1, '15758.74', 1, '2020-08-29 22:00:00', '2020-11-29 21:41:08', 67, 10),
(68, 'Sub-Ex', 'Representational', 'keila-hotzel-ftnO5ZpJxe8-unsplash.jpg', '', 'Mix of styles', '0,6m', 2, '8616.34', NULL, '2020-10-18 18:29:22', '2020-11-29 21:53:46', 18, 137),
(69, 'Zaam-Dox', 'Abstract', 'kolya-korzh-RMVdKLMDGo0-unsplash.jpg', 'Donec vitae nisi.', 'Oil painting', '1,5m', 4, '14700.00', 1, '2020-09-09 22:00:00', '2020-11-29 21:41:08', 258, 10),
(70, 'Bitwolf', 'Sculpture', 'yeh-xintong-5GFkcgd7jYY-unsplash.jpg', '', 'Water painting', '0,07m', 2, '9336.66', NULL, '2020-10-04 12:32:31', '2020-11-29 21:53:46', 30, 150),
(71, 'Flowdesk', 'Non-objective', 'levi-midnight-3olJI4AFFFE-unsplash.jpg', '', 'Marble', '0,82m', 5, '9855.90', NULL, '2020-10-28 09:21:00', '2020-11-29 21:53:46', 43, 112),
(72, 'Job', 'Representational', 'lucas-sankey-4Ir9T2-1G_k-unsplash.jpg', 'Duis aliquam convallis nunc.', 'Mix of styles', '0,47m', 1, '10544.71', 1, '2020-09-22 22:00:00', '2020-11-29 21:41:08', 179, 161),
(73, 'Fintone', 'Representational', 'delaney-van-m--3yyH2p6Q-unsplash.jpg', '', 'Oil painting', '1,95m', 5, '1245.49', NULL, '2020-11-04 17:14:03', '2020-11-29 21:53:46', 128, 116),
(74, 'Cookley', 'Abstract', 'shushan-meloyan-I-RNtEsy7W0-unsplash.jpg', '', 'Water painting', '0,37m', 1, '18991.33', 1, '2020-09-26 22:00:00', '2020-11-29 21:41:08', 171, 70),
(75, 'Job', 'Sculpture', 'annie-spratt-K8E2TTk0Ewg-unsplash.jpg', '', 'Marble', '1,89m', 5, '6152.55', 1, '2020-08-29 22:00:00', '2020-11-29 21:41:08', 59, 6),
(76, 'Home Ing', 'Non-objective', 'birmingham-museums-trust-EQuyeK1ti6s-unsplash.jpg', '', 'Mix of styles', '0,2m', 3, '5921.91', 1, '2020-09-06 22:00:00', '2020-11-29 21:41:08', 187, 176),
(77, 'Lotstring', 'Representational', 'birmingham-museums-trust-G1Z0cIMYHVM-unsplash.jpg', 'Lorem ipsum dolor sit amet, consectetuer adipiscing elit. Proin risus. Praesent lectus. Vestibulum quam sapien, varius ut, blandit non, interdum in, ante. Vestibulum ante ipsum primis in faucibus orci luctus et ultrices posuere cubilia Curae; Duis faucibus accumsan odio. Curabitur convallis. Duis consequat dui nec nisi volutpat eleifend. Donec ut dolor. Morbi vel lectus in quam fringilla rhoncus. Mauris enim leo, rhoncus sed, vestibulum sit amet, cursus id, turpis. Integer aliquet, massa id lobortis convallis, tortor risus dapibus augue, vel accumsan tellus nisi eu orci. Mauris lacinia sapien quis libero. Nullam sit amet turpis elementum ligula vehicula consequat. Morbi a ipsum. Integer a nibh. In quis justo. Maecenas rhoncus aliquam lacus. Morbi quis tortor id nulla ultrices aliquet. Maecenas leo odio, condimentum id, luctus nec, molestie sed, justo. Pellentesque viverra pede ac diam. Cras pellentesque volutpat dui. Maecenas tristique, est et tempus semper, est quam pharetra magna, ac consequat metus sapien ut nunc. Vestibulum ante ipsum primis in faucibus orci luctus et ultrices posuere cubilia Curae; Mauris viverra diam vitae quam. Suspendisse potenti. Nullam porttitor lacus at turpis. Donec posuere metus vitae ipsum. Aliquam non mauris. Morbi non lectus. Aliquam sit amet diam in magna bibendum imperdiet. Nullam orci pede, venenatis non, sodales sed, tincidunt eu, felis. Fusce posuere felis sed lacus. Morbi sem mauris, laoreet ut, rhoncus aliquet, pulvinar sed, nisl. Nunc rhoncus dui vel sem. Sed sagittis. Nam congue, risus semper porta volutpat, quam pede lobortis ligula, sit amet eleifend pede libero quis orci. Nullam molestie nibh in lectus. Pellentesque at nulla. Suspendisse potenti. Cras in purus eu magna vulputate luctus. Cum sociis natoque penatibus et magnis dis parturient montes, nascetur ridiculus mus. Vivamus vestibulum sagittis sapien. Cum sociis natoque penatibus et magnis dis parturient montes, nascetur ridiculus mus. Etiam vel augue. Vestibulum rutrum rutrum neque. Aenean auctor gravida sem. Praesent id massa id nisl venenatis lacinia. Aenean sit amet justo. Morbi ut odio. Cras mi pede, malesuada in, imperdiet et, commodo vulputate, justo. In blandit ultrices enim. Lorem ipsum dolor sit amet, consectetuer adipiscing elit. Proin interdum mauris non ligula pellentesque ultrices. Phasellus id sapien in sapien iaculis congue. Vivamus metus arcu, adipiscing molestie, hendrerit at, vulputate vitae, nisl. Aenean lectus. Pellentesque eget nunc. Donec quis orci eget orci vehicula condimentum. Curabitur in libero ut massa volutpat convallis. Morbi odio odio, elementum eu, interdum eu, tincidunt in, leo. Maecenas pulvinar lobortis est. Phasellus sit amet erat. Nulla tempus. Vivamus in felis eu sapien cursus vestibulum. Proin eu mi. Nulla ac enim. In tempor, turpis nec euismod scelerisque, quam turpis adipiscing lorem, vitae mattis nibh ligula nec sem. Duis aliquam convallis nunc. Proin at turpis a pede posuere nonummy. Integer non velit. Donec diam neque, vestibulum eget, vulputate ut, ultrices vel, augue. Vestibulum ante ipsum primis in faucibus orci luctus et ultrices posuere cubilia Curae; Donec pharetra, magna vestibulum aliquet ultrices, erat tortor sollicitudin mi, sit amet lobortis sapien sapien non mi. Integer ac neque. Duis bibendum. Morbi non quam nec dui luctus rutrum. Nulla tellus. In sagittis dui vel nisl. Duis ac nibh. Fusce lacus purus, aliquet at, feugiat non, pretium quis, lectus. Suspendisse potenti. In eleifend quam a odio. In hac habitasse platea dictumst. Maecenas ut massa quis augue luctus tincidunt. Nulla mollis molestie lorem. Quisque ut erat. Curabitur gravida nisi at nibh. In hac habitasse platea dictumst. Aliquam augue quam, sollicitudin vitae, consectetuer eget, rutrum at, lorem. Integer tincidunt ante vel ipsum. Praesent blandit lacinia erat. Vestibulum sed magna at nunc commodo placerat. Praesent blandit. Nam nulla. Integer pede justo, lacinia eget, tincidunt eget, tempus vel, pede. Morbi porttitor lorem id ligula. Suspendisse ornare consequat lectus. In est risus, auctor sed, tristique in, tempus sit amet, sem. Fusce consequat. Nulla nisl. Nunc nisl. Duis bibendum, felis sed interdum venenatis, turpis enim blandit mi, in porttitor pede justo eu massa. Donec dapibus. Duis at velit eu est congue elementum. In hac habitasse platea dictumst. Morbi vestibulum, velit id pretium iaculis, diam erat fermentum justo, nec condimentum neque sapien placerat ante. Nulla justo. Aliquam quis turpis eget elit sodales scelerisque. Mauris sit amet eros. Suspendisse accumsan tortor quis turpis. Sed ante. Vivamus tortor. Duis mattis egestas metus. Aenean fermentum. Donec ut mauris eget massa tempor convallis. Nulla neque libero, convallis eget, eleifend luctus, ultricies eu, nibh. Quisque id justo sit amet sapien dignissim vestibulum. Vestibulum ante ipsum primis in faucibus orci luctus et ultrices posuere cubilia Curae; Nulla dapibus dolor vel est. Donec odio justo, sollicitudin ut, suscipit a, feugiat et, eros. Vestibulum ac est lacinia nisi venenatis tristique. Fusce congue, diam id ornare imperdiet, sapien urna pretium nisl, ut volutpat sapien arcu sed augue. Aliquam erat volutpat. In congue. Etiam justo. Etiam pretium iaculis justo. In hac habitasse platea dictumst. Etiam faucibus cursus urna. Ut tellus. Nulla ut erat id mauris vulputate elementum. Nullam varius. Nulla facilisi. Cras non velit nec nisi vulputate nonummy. Maecenas tincidunt lacus at velit. Vivamus vel nulla eget eros elementum pellentesque. Quisque porta volutpat erat. Quisque erat eros, viverra eget, congue eget, semper rutrum, nulla. Nunc purus. Phasellus in felis. Donec semper sapien a libero. Nam dui. Proin leo odio, porttitor id, consequat in, consequat ut, nulla. Sed accumsan felis. Ut at dolor quis odio consequat varius. Integer ac leo. Pellentesque ultrices mattis odio. Donec vitae nisi. Nam ultrices, libero non mattis pulvinar, nulla pede ullamcorper augue, a suscipit nulla elit ac nulla. Sed vel enim sit amet nunc viverra dapibus. Nulla suscipit ligula in lacus. Curabitur at ipsum ac tellus semper interdum. Mauris ullamcorper purus sit amet nulla. Quisque arcu libero, rutrum ac, lobortis vel, dapibus at, diam. Nam tristique tortor eu pede.', 'Oil painting', '1,13m', 5, '19997.03', NULL, '2020-09-30 20:13:46', '2020-11-29 21:53:46', 130, 57),
(78, 'Flowdesk', 'Abstract', 'birmingham-museums-trust-BqaF65lS6E4-unsplash.jpg', 'Duis bibendum, felis sed interdum venenatis, turpis enim blandit mi, in porttitor pede justo eu massa.', 'Water painting', '0,28m', 0, '434.24', NULL, '2020-08-20 05:33:18', '2020-11-29 21:53:46', 41, 115),
(79, 'Treeflex', 'Sculpture', 'yusuf-evli-hiY2xhfMDyY-unsplash.jpg', '', 'Marble', '1,4m', 3, '12424.48', 1, '2020-09-15 22:00:00', '2020-11-29 21:41:08', 113, 85),
(80, 'Konklux', 'Non-objective', 'markus-spiske-k0rVudBoB4c-unsplash.jpg', '', 'Mix of styles', '0,57m', 2, '14847.79', NULL, '2020-10-10 05:11:46', '2020-11-29 21:53:46', 95, 68),
(81, 'Gembucket', 'Representational', 'martino-pietropoli-VSo5d9wlT7s-unsplash.jpg', '', 'Oil painting', '1,5m', 4, '5431.07', 1, '2020-09-06 22:00:00', '2020-11-29 21:41:08', 231, 25),
(82, 'Cardify', 'Representational', 'sharon-pittaway-N7FtpkC_P7o-unsplash.jpg', 'Integer a nibh.', 'Water painting', '1,11m', 3, '3226.97', 1, '2020-08-31 22:00:00', '2020-11-29 21:41:08', 151, 187),
(83, 'Pannier', 'Abstract', 'benjamin-dehant-npjSnYgqjuQ-unsplash.jpg', 'Vivamus vestibulum sagittis sapien.', 'Marble', '0,17m', 2, '14730.68', 1, '2020-08-31 22:00:00', '2020-11-29 21:41:08', 34, 200),
(84, 'Bamity', 'Sculpture', 'british-library-b8vYa2-83pw-unsplash.jpg', '', 'Mix of styles', '0,74m', 3, '19057.86', NULL, '2020-12-19 22:25:30', '2020-11-29 21:53:46', 75, 51),
(85, 'Trippledex', 'Non-objective', 'pawel-czerwinski-OG44d93iNJk-unsplash.jpg', 'Morbi odio odio, elementum eu, interdum eu, tincidunt in, leo.', 'Oil painting', '1,98m', 5, '12711.44', 1, '2020-09-05 22:00:00', '2020-11-29 21:41:08', 156, 91),
(86, 'Hatity', 'Representational', 'erfan-moradi-wKc-i5zwfok-unsplash.jpg', 'Morbi ut odio.', 'Water painting', '0,12m', 4, '9709.42', 1, '2020-09-01 22:00:00', '2020-11-29 21:41:08', 18, 29),
(87, 'Tampflex', 'Abstract', 'gradienta-m_7p45JfXQo-unsplash.jpg', 'Etiam justo.', 'Marble', '0,58m', 2, '12295.79', NULL, '2020-09-02 05:38:46', '2020-11-29 21:53:46', 269, 160),
(88, 'Overhold', 'Sculpture', 'birmingham-museums-trust-sJr8LDyEf7k-unsplash.jpg', '', 'Mix of styles', '1,91m', 5, '17252.16', 1, '2020-09-13 22:00:00', '2020-11-29 21:41:08', 212, 88),
(89, 'Andalax', 'Non-objective', 'clark-van-der-beken-CH0Rho6deI8-unsplash.jpg', '', 'Oil painting', '1,76m', 2, '6052.22', 1, '2020-09-24 22:00:00', '2020-11-29 21:41:08', 172, 100),
(90, 'Konklux', 'Representational', 'dzha-CZDRMuxqKHM-unsplash.jpg', 'Integer a nibh.', 'Water painting', '1,45m', 0, '3340.94', 1, '2020-09-17 22:00:00', '2020-11-29 21:41:08', 169, 177),
(91, 'Stim', 'Representational', 'roger-bradshaw-RhmxOK33gOM-unsplash.jpg', '', 'Marble', '1,36m', 2, '12124.78', NULL, '2020-09-19 15:03:55', '2020-11-29 21:53:46', 181, 160),
(92, 'Home Ing', 'Abstract', 'birmingham-museums-trust-flaxAD9Hw4Y-unsplash.jpg', '', 'Mix of styles', '1,17m', 2, '3772.26', 1, '2020-09-16 22:00:00', '2020-11-29 21:41:08', 203, 45),
(93, 'Hatity', 'Sculpture', 'solen-feyissa-s_niwAd9PJ8-unsplash.jpg', 'Praesent id massa id nisl venenatis lacinia.', 'Oil painting', '0,76m', 1, '1703.69', NULL, '2020-07-30 22:29:51', '2020-11-29 21:53:46', 45, 168),
(94, 'Duobam', 'Non-objective', 'sahra-peterson-rPsKv_R48n4-unsplash.jpg', '', 'Water painting', '0,2m', 5, '3694.77', NULL, '2020-08-03 09:24:04', '2020-11-29 21:53:46', 222, 67),
(95, 'Bitchip', 'Representational', 'europeana-EPo8Az8no8s-unsplash.jpg', '', 'Marble', '0,38m', 1, '12509.56', NULL, '2020-08-18 04:37:22', '2020-11-29 21:53:46', 102, 112),
(96, 'Tresom', 'Abstract', 'birmingham-museums-trust-eX9kRG0XKLo-unsplash.jpg', 'Nunc nisl.', 'Mix of styles', '0,57m', 2, '7575.84', 1, '2020-09-17 22:00:00', '2020-11-29 21:41:08', 14, 117),
(97, 'Flexidy', 'Sculpture', 'europeana-eDlx4ePH_kQ-unsplash.jpg', '', 'Oil painting', '0,47m', 5, '18875.60', NULL, '2020-10-20 20:01:09', '2020-11-29 21:53:46', 25, 154),
(98, 'Subin', 'Non-objective', 'ian-dooley-iD5aVJFCXJg-unsplash.jpg', 'Aenean lectus.', 'Water painting', '0,43m', 0, '18378.70', 1, '2020-09-12 22:00:00', '2020-11-29 21:41:08', 69, 180),
(99, 'Sonsing', 'Representational', 'sophie-louisnard-7wrD24GDfcc-unsplash.jpg', 'Quisque porta volutpat erat.', 'Marble', '0,05m', 1, '6084.29', NULL, '2020-09-15 13:20:16', '2020-11-29 21:53:46', 279, 153),
(100, 'Zaam-Dox', 'Representational', 'magda-lukas-D9DpHj8n4a4-unsplash.jpg', '', 'Mix of styles', '1,71m', 5, '6268.54', 1, '2020-09-05 22:00:00', '2020-11-29 21:41:08', 191, 8),
(101, 'Trippledex', 'Abstract', 'nathan-dumlao-lMO37jaMjMk-unsplash.jpg', 'Aenean auctor gravida sem.', 'Oil painting', '0,03m', 1, '1137.16', NULL, '2020-12-20 21:44:25', '2020-11-29 21:53:46', 275, 150),
(102, 'Fix San', 'Sculpture', 'birmingham-museums-trust-XcsIjN6Ct6U-unsplash.jpg', '', 'Water painting', '1,52m', 5, '5304.64', 1, '2020-09-10 22:00:00', '2020-11-29 21:41:08', 89, 127),
(103, 'Otcom', 'Non-objective', 'richard-iwaki-ZsqtZUAe3u4-unsplash.jpg', '', 'Marble', '0,77m', 2, '53.20', NULL, '2020-11-20 02:47:53', '2020-11-29 21:53:46', 16, 86),
(104, 'Tresom', 'Representational', 'jene-stephaniuk-wsVOc34cQ_Q-unsplash.jpg', 'Pellentesque eget nunc.', 'Mix of styles', '1,17m', 5, '2797.42', 1, '2020-08-29 22:00:00', '2020-11-29 21:41:08', 249, 30),
(105, 'Greenlam', 'Abstract', 'oriento-XQshoB5jbLo-unsplash.jpg', '', 'Oil painting', '1,37m', 1, '8436.45', 1, '2020-09-01 22:00:00', '2020-11-29 21:41:08', 24, 98),
(106, 'Fintone', 'Sculpture', 'victoria-wendish-bDhHV29HJM8-unsplash.jpg', '', 'Water painting', '0m', 0, '6604.49', 1, '2020-09-10 22:00:00', '2020-11-29 21:41:08', 90, 51),
(107, 'Flexidy', 'Non-objective', 'jan-antonin-kolar-9SWhO96bFEk-unsplash.jpg', '', 'Marble', '1,3m', 5, '2195.19', 1, '2020-09-14 22:00:00', '2020-11-29 21:41:08', 35, 48),
(108, 'Bamity', 'Representational', 'evie-s-8NXkAUDaO-0-unsplash.jpg', '', 'Mix of styles', '0,3m', 1, '1.89', 1, '2020-09-19 22:00:00', '2020-11-29 21:41:08', 163, 125),
(109, 'Namfix', 'Representational', 'joel-filipe-QwoNAhbmLLo-unsplash.jpg', 'Quisque id justo sit amet sapien dignissim vestibulum.', 'Oil painting', '1,29m', 4, '511.76', NULL, '2020-12-10 20:52:44', '2020-11-29 21:53:46', 168, 124),
(110, 'Stronghold', 'Abstract', 'juli-kosolapova-_BrSPquLJ_8-unsplash.jpg', '', 'Water painting', '0,54m', 1, '10049.45', 1, '2020-09-13 22:00:00', '2020-11-29 21:41:08', 141, 89),
(111, 'Tampflex', 'Sculpture', 'li-lin-7EPeTV-IW8U-unsplash.jpg', 'Aliquam quis turpis eget elit sodales scelerisque.', 'Marble', '1,83m', 0, '2728.57', 1, '2020-09-24 22:00:00', '2020-11-29 21:41:08', 75, 67),
(112, 'Temp', 'Non-objective', 'chaewon-lee-VfhoKbFv16Y-unsplash.jpg', '', 'Mix of styles', '0,81m', 4, '5023.67', NULL, '2020-08-19 21:06:36', '2020-11-29 21:53:46', 147, 5),
(113, 'Alpha', 'Representational', 'laurianne-huggins-AeT8VR7qss0-unsplash.jpg', '', 'Oil painting', '0,84m', 3, '5872.15', NULL, '2020-08-11 01:01:20', '2020-11-29 21:53:46', 79, 177),
(114, 'Stim', 'Abstract', 'europeana-5TK1F5VfdIk-unsplash.jpg', 'Proin leo odio, porttitor id, consequat in, consequat ut, nulla.', 'Water painting', '1,03m', 3, '1590.56', 1, '2020-08-29 22:00:00', '2020-11-29 21:41:08', 276, 90),
(115, 'Tres-Zap', 'Sculpture', 'birmingham-museums-trust-5ruS8plfbvM-unsplash.jpg', '', 'Marble', '1,74m', 3, '18861.38', 1, '2020-09-19 22:00:00', '2020-11-29 21:41:08', 56, 104),
(116, 'Opela', 'Non-objective', 'keila-hotzel-ftnO5ZpJxe8-unsplash.jpg', 'Vestibulum ante ipsum primis in faucibus orci luctus et ultrices posuere cubilia Curae; Mauris viverra diam vitae quam.', 'Mix of styles', '1,39m', 4, '8829.05', 1, '2020-09-21 22:00:00', '2020-11-29 21:41:08', 270, 193),
(117, 'Subin', 'Representational', 'ashkan-forouzani-XLYqnzJlbNs-unsplash.jpg', 'Maecenas ut massa quis augue luctus tincidunt.', 'Oil painting', '0,98m', 0, '9569.34', 1, '2020-09-06 22:00:00', '2020-11-29 21:41:08', 16, 87),
(118, 'Ventosanzap', 'Representational', 'lucas-sankey-4Ir9T2-1G_k-unsplash.jpg', 'Morbi sem mauris, laoreet ut, rhoncus aliquet, pulvinar sed, nisl.', 'Water painting', '1,81m', 3, '15831.89', 1, '2020-09-08 22:00:00', '2020-11-29 21:41:08', 42, 167),
(119, 'Kanlam', 'Abstract', 'mehrad-vosoughi-1E5XakhWNOw-unsplash.jpg', 'Integer tincidunt ante vel ipsum.', 'Marble', '1,86m', 4, '5106.03', 1, '2020-09-10 22:00:00', '2020-11-29 21:41:08', 27, 72),
(120, 'Redhold', 'Sculpture', 'birmingham-museums-trust-OdtLtgajtyc-unsplash.jpg', 'Praesent blandit.', 'Mix of styles', '0,58m', 0, '18044.88', 1, '2020-09-16 22:00:00', '2020-11-29 21:41:08', 140, 137),
(121, 'Flowdesk', 'Non-objective', 'aidana-khabdesh-dUdANpA0d1o-unsplash.jpg', 'Donec ut mauris eget massa tempor convallis.', 'Oil painting', '0,57m', 2, '2016.83', 1, '2020-09-09 22:00:00', '2020-11-29 21:41:08', 3, 7),
(122, 'Sub-Ex', 'Representational', 'birmingham-museums-trust-G1Z0cIMYHVM-unsplash.jpg', '', 'Water painting', '0,66m', 1, '14237.58', 1, '2020-09-19 22:00:00', '2020-11-29 21:41:08', 35, 69),
(123, 'Latlux', 'Abstract', 'li-lin-7EPeTV-IW8U-unsplash.jpg', '', 'Marble', '0,81m', 5, '1979.99', 1, '2020-08-29 22:00:00', '2020-11-29 21:41:08', 198, 39),
(124, 'Tin', 'Sculpture', 'daniel-olah-pCcGpVsOHoo-unsplash.jpg', '', 'Mix of styles', '0,3m', 3, '6060.15', 1, '2020-09-22 22:00:00', '2020-11-29 21:41:08', 137, 61),
(125, 'Gembucket', 'Non-objective', 'karen-martinez-_bHzC5CSyYY-unsplash.jpg', 'Suspendisse potenti.', 'Oil painting', '0,43m', 0, '18633.21', NULL, '2020-12-29 04:53:24', '2020-11-29 21:53:46', 87, 72),
(126, 'Veribet', 'Representational', 'richard-iwaki-ZsqtZUAe3u4-unsplash.jpg', 'Mauris enim leo, rhoncus sed, vestibulum sit amet, cursus id, turpis.', 'Water painting', '1,23m', 3, '14175.02', 1, '2020-09-03 22:00:00', '2020-11-29 21:41:08', 126, 48),
(127, 'Alpha', 'Representational', 'olga-serjantu-JXGPAo_pHd4-unsplash.jpg', '', 'Marble', '0,17m', 4, '6016.72', NULL, '2020-11-13 14:29:37', '2020-11-29 21:53:46', 32, 89),
(128, 'Sonair', 'Abstract', 'markus-spiske-k0rVudBoB4c-unsplash.jpg', '', 'Mix of styles', '1,9m', 0, '13823.34', NULL, '2020-10-14 08:54:28', '2020-11-29 21:53:46', 138, 78),
(129, 'Sonsing', 'Sculpture', 'toa-heftiba-RXzHcftIdYU-unsplash.jpg', 'Vivamus tortor.', 'Oil painting', '0,3m', 4, '9461.86', 1, '2020-09-18 22:00:00', '2020-11-29 21:41:08', 169, 40),
(130, 'Daltfresh', 'Non-objective', 'europeana-GTghGzaGTJc-unsplash.jpg', 'Nulla suscipit ligula in lacus.', 'Water painting', '1,7m', 1, '5174.55', NULL, '2020-09-30 05:10:00', '2020-11-29 21:53:46', 36, 100),
(131, 'Matsoft', 'Representational', 'magda-lukas-D9DpHj8n4a4-unsplash.jpg', 'Praesent blandit.', 'Marble', '1,92m', 1, '11805.91', NULL, '2020-10-20 00:13:10', '2020-11-29 21:53:46', 158, 156),
(132, 'Andalax', 'Abstract', 'meric-dagli-3KJpF86nR4c-unsplash.jpg', '', 'Mix of styles', '1,85m', 1, '1674.71', 1, '2020-09-21 22:00:00', '2020-11-29 21:41:08', 18, 117),
(133, 'Y-Solowarm', 'Sculpture', 'jan-antonin-kolar-9SWhO96bFEk-unsplash.jpg', 'Lorem ipsum dolor sit amet, consectetuer adipiscing elit.', 'Oil painting', '0,19m', 0, '6988.65', 1, '2020-09-27 22:00:00', '2020-11-29 21:41:08', 68, 39),
(134, 'Ronstring', 'Non-objective', 'jene-stephaniuk-wsVOc34cQ_Q-unsplash.jpg', '', 'Water painting', '1,49m', 3, '18155.42', 1, '2020-09-05 22:00:00', '2020-11-29 21:41:08', 24, 39),
(135, 'Treeflex', 'Representational', 'jon-tyson-9sR0K4D1gNQ-unsplash.jpg', '', 'Marble', '1,26m', 1, '9796.76', NULL, '2020-10-06 21:42:23', '2020-11-29 21:53:46', 269, 141),
(136, 'Bytecard', 'Representational', 'monica-dahiya-ByjphQkZYRM-unsplash.jpg', '', 'Mix of styles', '1,32m', 0, '8181.69', 1, '2020-09-25 22:00:00', '2020-11-29 21:41:08', 248, 164),
(137, 'Toughjoyfax', 'Abstract', 'lisa-li-lB6LecQ_ohw-unsplash.jpg', 'Sed sagittis.', 'Oil painting', '1,95m', 5, '6654.22', NULL, '2020-11-05 13:59:02', '2020-11-29 21:53:46', 34, 24),
(138, 'Stringtough', 'Sculpture', 'birmingham-museums-trust-zWE5pOLWkio-unsplash.jpg', 'Etiam vel augue.', 'Water painting', '0,08m', 1, '15851.17', 1, '2020-08-29 22:00:00', '2020-11-29 21:41:08', 39, 108),
(139, 'Bytecard', 'Non-objective', 'clark-van-der-beken-CH0Rho6deI8-unsplash.jpg', 'Pellentesque ultrices mattis odio.', 'Marble', '0,18m', 4, '9481.86', NULL, '2020-12-08 12:54:32', '2020-11-29 21:53:46', 202, 42),
(140, 'Tin', 'Representational', 'kazden-cattapan-LKRSUMDI5NA-unsplash.jpg', '', 'Mix of styles', '0,34m', 2, '8464.20', NULL, '2020-09-20 19:42:10', '2020-11-29 21:53:46', 10, 191),
(141, 'Hatity', 'Abstract', 'abin-varghese-woC7_1c_kZQ-unsplash.jpg', 'Integer tincidunt ante vel ipsum.', 'Oil painting', '1,34m', 5, '5495.58', 1, '2020-09-10 22:00:00', '2020-11-29 21:41:08', 105, 96),
(142, 'Opela', 'Sculpture', 'dim-7-DB7u9kZnzgg-unsplash.jpg', '', 'Water painting', '1,23m', 5, '3086.02', 1, '2020-09-07 22:00:00', '2020-11-29 21:41:08', 234, 5),
(143, 'Wrapsafe', 'Non-objective', 'brandon-vazquez-jdvpdAvDuB0-unsplash.jpg', '', 'Marble', '0,58m', 5, '6792.88', 1, '2020-09-24 22:00:00', '2020-11-29 21:41:08', 91, 137),
(144, 'Trippledex', 'Representational', 'alireza-zarafshani--6qgTcW5wQk-unsplash.jpg', '', 'Mix of styles', '1,52m', 1, '1519.63', 1, '2020-09-12 22:00:00', '2020-11-29 21:41:08', 144, 181),
(145, 'Bigtax', 'Representational', 'oriento-XQshoB5jbLo-unsplash.jpg', 'Vestibulum ac est lacinia nisi venenatis tristique.', 'Oil painting', '0,85m', 5, '3116.72', 1, '2020-09-06 22:00:00', '2020-11-29 21:41:08', 213, 118),
(146, 'Subin', 'Abstract', 'birmingham-museums-trust-EdhYnPM_dbI-unsplash.jpg', '', 'Water painting', '0,96m', 0, '19024.36', NULL, '2020-08-23 04:53:49', '2020-11-29 21:53:46', 133, 68),
(147, 'Opela', 'Sculpture', 'ian-dooley-iD5aVJFCXJg-unsplash.jpg', 'Cum sociis natoque penatibus et magnis dis parturient montes, nascetur ridiculus mus.', 'Marble', '1,65m', 2, '1902.67', NULL, '2020-11-24 04:29:08', '2020-11-29 21:53:46', 281, 187),
(148, 'Stronghold', 'Non-objective', 'birmingham-museums-trust-flaxAD9Hw4Y-unsplash.jpg', 'Mauris sit amet eros.', 'Mix of styles', '0,17m', 3, '19391.31', NULL, '2020-09-17 12:50:45', '2020-11-29 21:53:46', 154, 22),
(149, 'Sub-Ex', 'Representational', 'annie-spratt-K8E2TTk0Ewg-unsplash.jpg', '', 'Oil painting', '1,08m', 4, '5431.07', NULL, '2020-09-18 19:52:55', '2020-11-29 21:53:46', 96, 13),
(150, 'Ventosanzap', 'Abstract', 'europeana-EPo8Az8no8s-unsplash.jpg', '', 'Water painting', '1,5m', 1, '4477.84', 1, '2020-09-12 22:00:00', '2020-11-29 21:41:08', 192, 79),
(151, 'Bitwolf', 'Sculpture', 'sharon-pittaway-N7FtpkC_P7o-unsplash.jpg', '', 'Marble', '0,69m', 2, '6642.93', NULL, '2020-11-12 14:58:57', '2020-11-29 21:53:46', 278, 110),
(152, 'Duobam', 'Non-objective', 'gradienta-m_7p45JfXQo-unsplash.jpg', 'In hac habitasse platea dictumst.', 'Mix of styles', '2m', 3, '13210.14', 1, '2020-08-29 22:00:00', '2020-11-29 21:41:08', 90, 98),
(153, 'Ronstring', 'Representational', 'birmingham-museums-trust-pxMaBQX2AIs-unsplash.jpg', '', 'Oil painting', '1,55m', 5, '6532.02', 1, '2020-09-19 22:00:00', '2020-11-29 21:41:08', 273, 39),
(154, 'Holdlamis', 'Representational', 'tina-witherspoon-pKhysdt2Xl4-unsplash.jpg', '', 'Water painting', '0,68m', 2, '12207.89', 1, '2020-09-15 22:00:00', '2020-11-29 21:41:08', 125, 21),
(155, 'Tresom', 'Abstract', 'nelson-estevao-skqBG4eZw38-unsplash.jpg', '', 'Marble', '1,17m', 3, '13218.07', 1, '2020-09-08 22:00:00', '2020-11-29 21:41:08', 37, 98),
(156, 'Flowdesk', 'Sculpture', 'kanwardeep-kaur-0-VvBHdQpqM-unsplash.jpg', 'Curabitur gravida nisi at nibh.', 'Mix of styles', '0,13m', 3, '13343.91', 1, '2020-09-10 22:00:00', '2020-11-29 21:41:08', 115, 51),
(157, 'Hatity', 'Non-objective', 'british-library-b8vYa2-83pw-unsplash.jpg', '', 'Oil painting', '0,91m', 2, '3180.47', 1, '2020-09-20 22:00:00', '2020-11-29 21:41:08', 72, 51),
(158, 'Konklux', 'Representational', 'jean-marc-vieregge-Q9IGFfztBe4-unsplash.jpg', '', 'Water painting', '0,35m', 5, '12058.39', 1, '2020-09-14 22:00:00', '2020-11-29 21:41:08', 63, 189),
(159, 'Prodder', 'Abstract', 'paula-russell-vqNy9grXp2E-unsplash.jpg', 'Suspendisse ornare consequat lectus.', 'Marble', '0,01m', 0, '6646.24', 1, '2020-09-26 22:00:00', '2020-11-29 21:41:08', 158, 114),
(160, 'Job', 'Sculpture', 'adrianna-geo-1rBg5YSi00c-unsplash.jpg', 'Proin interdum mauris non ligula pellentesque ultrices.', 'Mix of styles', '0,62m', 3, '9256.22', NULL, '2020-10-04 09:22:30', '2020-11-29 21:53:46', 164, 149),
(161, 'Cookley', 'Non-objective', 'viktoria-svishch-ax5MIeV5mfA-unsplash.jpg', 'Maecenas pulvinar lobortis est.', 'Oil painting', '0,31m', 1, '16889.49', 1, '2020-09-23 22:00:00', '2020-11-29 21:41:08', 201, 162),
(162, 'Kanlam', 'Representational', 'birmingham-museums-trust-EQuyeK1ti6s-unsplash.jpg', 'Integer aliquet, massa id lobortis convallis, tortor risus dapibus augue, vel accumsan tellus nisi eu orci.', 'Water painting', '0,47m', 1, '11557.00', 1, '2020-09-14 22:00:00', '2020-11-29 21:41:08', 87, 65),
(163, 'Ventosanzap', 'Representational', 'birmingham-museums-trust-XP81dRWU90E-unsplash.jpg', 'Quisque id justo sit amet sapien dignissim vestibulum.', 'Marble', '1,6m', 0, '18136.86', 1, '2020-09-25 22:00:00', '2020-11-29 21:41:08', 70, 150),
(164, 'Trippledex', 'Abstract', 'solen-feyissa-s_niwAd9PJ8-unsplash.jpg', 'Aliquam augue quam, sollicitudin vitae, consectetuer eget, rutrum at, lorem.', 'Mix of styles', '1,38m', 4, '5022.92', 1, '2020-09-27 22:00:00', '2020-11-29 21:41:08', 95, 56),
(165, 'Tin', 'Sculpture', 'europeana-5TK1F5VfdIk-unsplash.jpg', 'Nunc purus.', 'Oil painting', '1,76m', 1, '2366.43', NULL, '2020-08-14 06:02:16', '2020-11-29 21:53:46', 239, 13),
(166, 'Zontrax', 'Non-objective', 'birmingham-museums-trust-BqaF65lS6E4-unsplash.jpg', 'Quisque erat eros, viverra eget, congue eget, semper rutrum, nulla.', 'Water painting', '1,66m', 1, '17472.20', 1, '2020-08-30 22:00:00', '2020-11-29 21:41:08', 92, 157),
(167, 'Cookley', 'Representational', 'joel-filipe-QwoNAhbmLLo-unsplash.jpg', 'Duis consequat dui nec nisi volutpat eleifend.', 'Marble', '0,37m', 4, '3183.76', 1, '2020-09-01 22:00:00', '2020-11-29 21:41:08', 213, 50),
(168, 'Job', 'Abstract', 'dayee-2ZMj_aeGuNI-unsplash.jpg', '', 'Mix of styles', '0,4m', 2, '19591.12', 1, '2020-09-18 22:00:00', '2020-11-29 21:41:08', 220, 199),
(169, 'Bitchip', 'Sculpture', 'british-library-P9LLPWNrV88-unsplash.jpg', '', 'Oil painting', '0,79m', 3, '528.34', NULL, '2020-08-30 16:10:23', '2020-11-29 21:53:46', 24, 71),
(170, 'Greenlam', 'Non-objective', 'birmingham-museums-trust-frFAJ_695DU-unsplash.jpg', '', 'Water painting', '0,56m', 0, '12549.80', 1, '2020-09-10 22:00:00', '2020-11-29 21:41:08', 158, 130),
(171, 'Biodex', 'Representational', 'susan-wilkinson-z7ktPMBH96I-unsplash.jpg', '', 'Marble', '0,56m', 2, '10857.02', 1, '2020-09-27 22:00:00', '2020-11-29 21:41:08', 223, 135),
(172, 'Opela', 'Representational', 'victor-grabarczyk-wN9DU73b8_s-unsplash.jpg', '', 'Mix of styles', '0,44m', 1, '727.79', NULL, '2020-11-19 16:51:42', '2020-11-29 21:53:46', 86, 121),
(173, 'Andalax', 'Abstract', 'victoria-wendish-bDhHV29HJM8-unsplash.jpg', '', 'Oil painting', '0,87m', 1, '13018.25', 1, '2020-09-23 22:00:00', '2020-11-29 21:41:08', 147, 186),
(174, 'Ronstring', 'Sculpture', 'the-bud-box-singapore-K2bDPiWams0-unsplash.jpg', 'Integer ac neque.', 'Water painting', '0,65m', 1, '10273.77', NULL, '2020-08-03 16:53:56', '2020-11-29 21:53:46', 237, 124),
(175, 'Aerified', 'Non-objective', 'k8-2kbM8VOa9zs-unsplash.jpg', 'Vivamus in felis eu sapien cursus vestibulum.', 'Marble', '0,92m', 4, '5134.78', 1, '2020-09-02 22:00:00', '2020-11-29 21:41:08', 246, 1),
(176, 'Domainer', 'Representational', 'europeana-mU0oa66FJEQ-unsplash.jpg', '', 'Mix of styles', '1,19m', 1, '8692.32', 1, '2020-09-20 22:00:00', '2020-11-29 21:41:08', 278, 142),
(177, 'Home Ing', 'Abstract', 'british-library-Y7HuOsOhCrQ-unsplash.jpg', '', 'Oil painting', '1,34m', 5, '10307.93', NULL, '2020-12-26 06:01:05', '2020-11-29 21:53:46', 229, 86),
(178, 'Prodder', 'Sculpture', 'visuel-colonie-PCPHbj5ICH0-unsplash.jpg', 'In hac habitasse platea dictumst.', 'Water painting', '0,83m', 2, '13070.67', 1, '2020-09-08 22:00:00', '2020-11-29 21:41:08', 12, 106),
(179, 'Zontrax', 'Non-objective', 'birmingham-museums-trust-6fv0MEf3FUE-unsplash.jpg', 'Donec semper sapien a libero.', 'Marble', '0,2m', 2, '18470.89', 1, '2020-09-13 22:00:00', '2020-11-29 21:41:08', 220, 48),
(180, 'Treeflex', 'Representational', 'sophie-louisnard-h9rhcAQwgto-unsplash.jpg', '', 'Mix of styles', '0,91m', 2, '3443.17', NULL, '2020-11-20 20:30:11', '2020-11-29 21:53:46', 121, 163),
(181, 'Regrant', 'Representational', 'kobu-agency-k41cAJvJ7h0-unsplash.jpg', 'Fusce lacus purus, aliquet at, feugiat non, pretium quis, lectus.', 'Oil painting', '1,1m', 0, '4985.54', 1, '2020-09-18 22:00:00', '2020-11-29 21:41:08', 35, 100),
(182, 'Transcof', 'Abstract', 'yeh-xintong-5GFkcgd7jYY-unsplash.jpg', '', 'Water painting', '0,88m', 2, '2542.27', NULL, '2020-11-28 12:34:16', '2020-11-29 21:53:46', 172, 58),
(183, 'Stringtough', 'Sculpture', 'kolya-korzh-RMVdKLMDGo0-unsplash.jpg', '', 'Marble', '1,25m', 2, '9025.22', 1, '2020-09-24 22:00:00', '2020-11-29 21:41:08', 51, 157),
(184, 'Cookley', 'Non-objective', 'juli-kosolapova-_BrSPquLJ_8-unsplash.jpg', 'Aliquam quis turpis eget elit sodales scelerisque.', 'Mix of styles', '1,69m', 4, '18891.79', NULL, '2020-11-18 12:27:18', '2020-11-29 21:53:46', 90, 8),
(185, 'It', 'Representational', 'martino-pietropoli-VSo5d9wlT7s-unsplash.jpg', '', 'Oil painting', '1,56m', 3, '18705.63', NULL, '2020-09-06 10:40:17', '2020-11-29 21:53:46', 197, 111),
(186, 'Trippledex', 'Abstract', 'kasturi-roy-ERzfB-_BQXQ-unsplash.jpg', '', 'Water painting', '1,62m', 1, '17168.42', NULL, '2020-08-11 09:06:04', '2020-11-29 21:53:46', 274, 160),
(187, 'Mat Lam Tam', 'Sculpture', 'chaewon-lee-VfhoKbFv16Y-unsplash.jpg', '', 'Marble', '0,98m', 4, '19354.70', NULL, '2020-11-08 04:36:05', '2020-11-29 21:53:46', 24, 199),
(188, 'Flowdesk', 'Non-objective', 'nathan-dumlao-lMO37jaMjMk-unsplash.jpg', 'Morbi porttitor lorem id ligula.', 'Mix of styles', '1,42m', 2, '7109.76', 1, '2020-09-12 22:00:00', '2020-11-29 21:41:08', 63, 174),
(189, 'Konklux', 'Representational', 'birmingham-museums-trust-XcsIjN6Ct6U-unsplash.jpg', '', 'Oil painting', '0,24m', 1, '19716.96', NULL, '2020-08-04 00:48:45', '2020-11-29 21:53:46', 229, 157),
(190, 'Zathin', 'Representational', 'tania-miron-QTGrebUeYMM-unsplash.jpg', 'Mauris ullamcorper purus sit amet nulla.', 'Water painting', '0,02m', 3, '3866.49', NULL, '2020-08-29 20:22:05', '2020-11-29 21:53:46', 127, 166),
(191, 'Rank', 'Abstract', 'delaney-van-m--3yyH2p6Q-unsplash.jpg', 'Nam nulla.', 'Marble', '0,97m', 1, '15634.56', 1, '2020-09-26 22:00:00', '2020-11-29 21:41:08', 163, 173),
(192, 'Tempsoft', 'Sculpture', 'annie-spratt-rZ6Qfk8BuTI-unsplash.jpg', 'Vivamus vel nulla eget eros elementum pellentesque.', 'Mix of styles', '0,84m', 2, '18376.02', 1, '2020-09-05 22:00:00', '2020-11-29 21:41:08', 239, 4),
(193, 'Andalax', 'Non-objective', 'jeremy-lishner-tKgcMR8saYA-unsplash.jpg', 'Phasellus sit amet erat.', 'Oil painting', '1,29m', 2, '5672.35', 1, '2020-09-17 22:00:00', '2020-11-29 21:41:08', 102, 153),
(194, 'Lotlux', 'Representational', 'brandon-vazquez-EqeJrBFGQd0-unsplash.jpg', '', 'Water painting', '1,7m', 5, '16731.23', NULL, '2020-12-16 05:30:44', '2020-11-29 21:53:46', 2, 74),
(195, 'Rank', 'Abstract', 'susan-wilkinson-fPpHF-Wiob0-unsplash.jpg', 'Donec quis orci eget orci vehicula condimentum.', 'Marble', '0,22m', 2, '11069.30', 1, '2020-09-10 22:00:00', '2020-11-29 21:41:08', 280, 10),
(196, 'Zathin', 'Sculpture', 'jean-philippe-delberghe-75xPHEQBmvA-unsplash.jpg', 'Nam tristique tortor eu pede.', 'Mix of styles', '0,89m', 1, '14882.64', 1, '2020-09-11 22:00:00', '2020-11-29 21:41:08', 255, 183),
(197, 'Konklux', 'Non-objective', 'shushan-meloyan-I-RNtEsy7W0-unsplash.jpg', '', 'Oil painting', '0,98m', 1, '429.50', NULL, '2020-12-16 20:33:59', '2020-11-29 21:53:46', 176, 115),
(198, 'Stronghold', 'Representational', 'europeana--agv5fnZ3_I-unsplash.jpg', '', 'Water painting', '0,05m', 2, '3297.11', NULL, '2020-12-04 01:24:18', '2020-11-29 21:53:46', 58, 162),
(199, 'Tampflex', 'Representational', 'levi-midnight-3olJI4AFFFE-unsplash.jpg', '', 'Marble', '0,66m', 3, '18351.44', NULL, '2020-09-29 03:26:08', '2020-11-29 21:53:46', 10, 118),
(200, 'Veribet', 'Abstract', 'pawel-czerwinski-OG44d93iNJk-unsplash.jpg', 'Integer pede justo, lacinia eget, tincidunt eget, tempus vel, pede.', 'Mix of styles', '0,94m', 0, '9588.08', 1, '2020-09-05 22:00:00', '2020-11-29 21:41:08', 23, 2),
(201, 'Lotstring', 'Sculpture', 'markus-spiske-4W5WWKaxsKs-unsplash.jpg', '', 'Oil painting', '0,5m', 3, '16093.56', NULL, '2020-10-17 06:04:17', '2020-11-29 21:53:46', 215, 55),
(202, 'Zamit', 'Non-objective', 'benjamin-dehant-npjSnYgqjuQ-unsplash.jpg', 'Nullam molestie nibh in lectus.', 'Water painting', '0,98m', 4, '19298.80', 1, '2020-09-03 22:00:00', '2020-11-29 21:41:08', 29, 184),
(203, 'Span', 'Representational', 'pavel-nekoranec-8ALBNshSZTE-unsplash.jpg', '', 'Marble', '0,6m', 3, '11719.21', NULL, '2020-09-26 08:09:36', '2020-11-29 21:53:46', 244, 196),
(204, 'Prodder', 'Abstract', 'paul-blenkhorn-sensoryarthouse--84767CQrS8-unsplash.jpg', 'Suspendisse accumsan tortor quis turpis.', 'Mix of styles', '0,5m', 5, '12243.10', NULL, '2020-09-21 23:41:45', '2020-11-29 21:53:46', 206, 188),
(205, 'Mat Lam Tam', 'Sculpture', 'sophie-louisnard-7wrD24GDfcc-unsplash.jpg', 'In tempor, turpis nec euismod scelerisque, quam turpis adipiscing lorem, vitae mattis nibh ligula nec sem.', 'Oil painting', '0m', 1, '13491.62', 1, '2020-09-15 22:00:00', '2020-11-29 21:41:08', 45, 32),
(206, 'Bigtax', 'Non-objective', 'birmingham-museums-trust-GJHAB0gxvtg-unsplash.jpg', '', 'Water painting', '1m', 2, '4170.51', 1, '2020-09-09 22:00:00', '2020-11-29 21:41:08', 50, 123),
(207, 'Prodder', 'Representational', 'manu-b-O_YS8-6sMJg-unsplash.jpg', '', 'Marble', '0,86m', 5, '13441.95', 1, '2020-09-04 22:00:00', '2020-11-29 21:41:08', 220, 22),
(208, 'Stronghold', 'Representational', 'roger-bradshaw-RhmxOK33gOM-unsplash.jpg', 'Morbi non quam nec dui luctus rutrum.', 'Mix of styles', '0,95m', 3, '5092.99', NULL, '2020-11-02 00:06:28', '2020-11-29 21:53:46', 206, 7),
(209, 'Fixflex', 'Abstract', 'orlova-maria-bU8TeXhsPcY-unsplash.jpg', '', 'Oil painting', '1,85m', 3, '8346.33', 1, '2020-09-03 22:00:00', '2020-11-29 21:41:08', 137, 68),
(210, 'Overhold', 'Sculpture', 'pavel-nekoranec-I__QKQLMIKs-unsplash.jpg', '', 'Water painting', '1,49m', 1, '4799.73', 1, '2020-09-12 22:00:00', '2020-11-29 21:41:08', 94, 124),
(211, 'Transcof', 'Non-objective', 'marina-reich-Lh6G7kMdGr0-unsplash.jpg', 'Mauris enim leo, rhoncus sed, vestibulum sit amet, cursus id, turpis.', 'Marble', '0,74m', 3, '4189.40', 1, '2020-09-15 22:00:00', '2020-11-29 21:41:08', 181, 25),
(212, 'Zaam-Dox', 'Representational', 'evie-s-vbA1HNW-APA-unsplash.jpg', 'Integer non velit.', 'Mix of styles', '0,06m', 3, '7492.50', 1, '2020-09-07 22:00:00', '2020-11-29 21:41:08', 133, 165),
(213, 'Stringtough', 'Abstract', 'yusuf-evli-hiY2xhfMDyY-unsplash.jpg', 'Morbi vel lectus in quam fringilla rhoncus.', 'Oil painting', '1,66m', 4, '13235.55', 1, '2020-09-01 22:00:00', '2020-11-29 21:41:08', 86, 112),
(214, 'Sonsing', 'Sculpture', 'europeana-eDlx4ePH_kQ-unsplash.jpg', 'Aliquam sit amet diam in magna bibendum imperdiet.', 'Water painting', '1,89m', 0, '10358.58', 1, '2020-09-10 22:00:00', '2020-11-29 21:41:08', 196, 122),
(215, 'Pannier', 'Non-objective', 'birmingham-museums-trust-e0wBK0xJXYQ-unsplash.jpg', 'In tempor, turpis nec euismod scelerisque, quam turpis adipiscing lorem, vitae mattis nibh ligula nec sem.', 'Marble', '0,75m', 3, '19561.25', 1, '2020-09-22 22:00:00', '2020-11-29 21:41:08', 252, 71),
(216, 'Treeflex', 'Representational', 'birmingham-museums-trust-sJr8LDyEf7k-unsplash.jpg', '', 'Mix of styles', '0,71m', 0, '6980.44', NULL, '2020-08-02 19:33:42', '2020-11-29 21:53:46', 221, 135),
(217, 'Stronghold', 'Representational', 'claire-ward-BKcuYz9IUHs-unsplash.jpg', '', 'Oil painting', '0,61m', 3, '17128.45', 1, '2020-09-06 22:00:00', '2020-11-29 21:41:08', 103, 21),
(218, 'Sub-Ex', 'Abstract', 'sahra-peterson-rPsKv_R48n4-unsplash.jpg', '', 'Water painting', '1,21m', 1, '13059.10', NULL, '2020-09-11 07:35:37', '2020-11-29 21:53:46', 86, 96),
(219, 'Sonair', 'Sculpture', 'laurianne-huggins-AeT8VR7qss0-unsplash.jpg', '', 'Marble', '1,61m', 1, '6866.51', 1, '2020-09-27 22:00:00', '2020-11-29 21:41:08', 92, 134),
(220, 'Pannier', 'Non-objective', 'susan-wilkinson-nq6P5gh6WvY-unsplash.jpg', 'Vestibulum ante ipsum primis in faucibus orci luctus et ultrices posuere cubilia Curae; Donec pharetra, magna vestibulum aliquet ultrices, erat tortor sollicitudin mi, sit amet lobortis sapien sapien non mi.', 'Mix of styles', '0,86m', 2, '8896.10', 1, '2020-09-01 22:00:00', '2020-11-29 21:41:08', 147, 62),
(221, 'Job', 'Representational', 'simon-tackaert-PC04Fvgwmrs-unsplash.jpg', 'Morbi vestibulum, velit id pretium iaculis, diam erat fermentum justo, nec condimentum neque sapien placerat ante.', 'Oil painting', '1,75m', 1, '18273.77', 1, '2020-08-31 22:00:00', '2020-11-29 21:41:08', 79, 143);
INSERT INTO `art` (`ID`, `Name`, `Category`, `Image`, `Description`, `Type`, `Size`, `Quantity`, `Price`, `Review`, `CreationDate`, `LastUpdate`, `ArtistID`, `UserID`) VALUES
(222, 'Y-Solowarm', 'Abstract', 'evie-s-8NXkAUDaO-0-unsplash.jpg', 'Vivamus metus arcu, adipiscing molestie, hendrerit at, vulputate vitae, nisl.', 'Water painting', '0,76m', 1, '4820.62', 1, '2020-09-17 22:00:00', '2020-11-29 21:41:08', 75, 41),
(223, 'Stim', 'Sculpture', 'dzha-CZDRMuxqKHM-unsplash.jpg', 'Quisque erat eros, viverra eget, congue eget, semper rutrum, nulla.', 'Marble', '0,19m', 1, '17938.66', 1, '2020-09-26 22:00:00', '2020-11-29 21:41:08', 178, 102),
(224, 'Vagram', 'Non-objective', 'yue-iris-eP6jHmYsAyA-unsplash.jpg', '', 'Mix of styles', '1,05m', 5, '12086.48', 1, '2020-09-10 22:00:00', '2020-11-29 21:41:08', 254, 151),
(225, 'Stringtough', 'Representational', 'erfan-moradi-wKc-i5zwfok-unsplash.jpg', '', 'Oil painting', '0,58m', 3, '5041.39', 1, '2020-09-26 22:00:00', '2020-11-29 21:41:08', 79, 70),
(226, 'Duobam', 'Representational', 'lawrence-makoona-UiyLwbIPGX4-unsplash.jpg', 'Vivamus tortor.', 'Water painting', '1,81m', 1, '11212.96', 1, '2020-09-25 22:00:00', '2020-11-29 21:41:08', 283, 4),
(227, 'Cookley', 'Abstract', 'british-library-Qa6Avl3xZ_M-unsplash.jpg', 'Suspendisse potenti.', 'Marble', '0,6m', 0, '12245.54', 1, '2020-09-26 22:00:00', '2020-11-29 21:41:08', 11, 193),
(228, 'Opela', 'Sculpture', 'birmingham-museums-trust-eX9kRG0XKLo-unsplash.jpg', '', 'Mix of styles', '0,79m', 0, '7196.91', 1, '2020-08-30 22:00:00', '2020-11-29 21:41:08', 31, 37),
(229, 'Sonair', 'Non-objective', 'tania-miron-QTGrebUeYMM-unsplash.jpg', 'Aenean fermentum.', 'Oil painting', '1,01m', 0, '18110.49', 1, '2020-09-15 22:00:00', '2020-11-29 21:41:08', 71, 130),
(230, 'Zathin', 'Representational', 'birmingham-museums-trust-6fv0MEf3FUE-unsplash.jpg', 'Nulla tempus.', 'Water painting', '1,93m', 5, '16367.01', 1, '2020-09-06 22:00:00', '2020-11-29 21:41:08', 225, 7),
(231, 'Alphazap', 'Abstract', 'tina-witherspoon-pKhysdt2Xl4-unsplash.jpg', '', 'Marble', '1,21m', 3, '8572.56', NULL, '2020-09-18 15:23:36', '2020-11-29 21:53:46', 19, 106),
(232, 'Zontrax', 'Sculpture', 'pawel-czerwinski-OG44d93iNJk-unsplash.jpg', 'Morbi a ipsum.', 'Mix of styles', '0,62m', 0, '11015.58', 1, '2020-09-06 22:00:00', '2020-11-29 21:41:08', 149, 89),
(233, 'Bytecard', 'Non-objective', 'lawrence-makoona-UiyLwbIPGX4-unsplash.jpg', '', 'Oil painting', '1,54m', 5, '18209.96', 1, '2020-09-22 22:00:00', '2020-11-29 21:41:08', 249, 32),
(234, 'Lotlux', 'Representational', 'kanwardeep-kaur-0-VvBHdQpqM-unsplash.jpg', 'Integer non velit.', 'Water painting', '1,12m', 2, '10298.91', NULL, '2020-11-30 08:17:41', '2020-11-29 21:53:46', 19, 138),
(235, 'Subin', 'Representational', 'annie-spratt-K8E2TTk0Ewg-unsplash.jpg', '', 'Marble', '1,01m', 3, '16127.27', NULL, '2020-07-31 00:24:11', '2020-11-29 21:53:46', 282, 159),
(236, 'Greenlam', 'Abstract', 'brandon-vazquez-jdvpdAvDuB0-unsplash.jpg', 'Donec dapibus.', 'Mix of styles', '0,15m', 1, '13507.98', NULL, '2020-11-05 21:14:25', '2020-11-29 21:53:46', 199, 22),
(237, 'Voltsillam', 'Sculpture', 'dzha-CZDRMuxqKHM-unsplash.jpg', '', 'Oil painting', '1,22m', 1, '12866.34', 1, '2020-09-07 22:00:00', '2020-11-29 21:41:08', 114, 7),
(238, 'Zathin', 'Non-objective', 'paula-russell-vqNy9grXp2E-unsplash.jpg', '', 'Water painting', '1,21m', 4, '3362.55', 1, '2020-09-25 22:00:00', '2020-11-29 21:41:08', 32, 93),
(239, 'Zamit', 'Representational', 'kazden-cattapan-LKRSUMDI5NA-unsplash.jpg', '', 'Marble', '1,93m', 1, '2937.10', 1, '2020-09-04 22:00:00', '2020-11-29 21:41:08', 209, 72),
(240, 'Temp', 'Abstract', 'birmingham-museums-trust-sJr8LDyEf7k-unsplash.jpg', 'Cras in purus eu magna vulputate luctus.', 'Mix of styles', '0,79m', 1, '16853.47', 1, '2020-08-31 22:00:00', '2020-11-29 21:41:08', 220, 16),
(241, 'Transcof', 'Sculpture', 'dim-7-DB7u9kZnzgg-unsplash.jpg', '', 'Oil painting', '1,02m', 4, '17071.06', NULL, '2020-08-26 14:06:05', '2020-11-29 21:53:46', 233, 9),
(242, 'Sonair', 'Non-objective', 'meric-dagli-3KJpF86nR4c-unsplash.jpg', 'Fusce posuere felis sed lacus.', 'Water painting', '1,55m', 1, '11947.24', 1, '2020-09-18 22:00:00', '2020-11-29 21:41:08', 281, 75),
(243, 'Keylex', 'Representational', 'birmingham-museums-trust-e0wBK0xJXYQ-unsplash.jpg', 'Nullam molestie nibh in lectus.', 'Marble', '1,7m', 1, '19538.52', NULL, '2020-12-27 13:53:46', '2020-11-29 21:53:46', 91, 16),
(244, 'Transcof', 'Representational', 'yeh-xintong-5GFkcgd7jYY-unsplash.jpg', 'Integer ac neque.', 'Mix of styles', '1,25m', 1, '1005.50', NULL, '2020-09-19 19:17:08', '2020-11-29 21:53:46', 3, 192),
(245, 'Zoolab', 'Abstract', 'magda-lukas-D9DpHj8n4a4-unsplash.jpg', '', 'Oil painting', '1,65m', 3, '19369.28', 1, '2020-09-03 22:00:00', '2020-11-29 21:41:08', 55, 87),
(246, 'Holdlamis', 'Sculpture', 'birmingham-museums-trust-pxMaBQX2AIs-unsplash.jpg', 'Integer non velit.', 'Water painting', '1,91m', 0, '5825.79', NULL, '2020-11-23 13:50:54', '2020-11-29 21:53:46', 98, 42),
(247, 'Konklux', 'Non-objective', 'gradienta-m_7p45JfXQo-unsplash.jpg', 'Fusce posuere felis sed lacus.', 'Marble', '1,62m', 5, '19246.29', 1, '2020-09-18 22:00:00', '2020-11-29 21:41:08', 257, 56),
(248, 'Otcom', 'Representational', 'adrianna-geo-1rBg5YSi00c-unsplash.jpg', '', 'Mix of styles', '1,39m', 5, '1843.89', NULL, '2020-11-25 06:29:43', '2020-11-29 21:53:46', 245, 123),
(249, 'Fix San', 'Abstract', 'yusuf-evli-hiY2xhfMDyY-unsplash.jpg', 'Morbi ut odio.', 'Oil painting', '0,13m', 5, '13920.75', NULL, '2020-10-25 02:02:25', '2020-11-29 21:53:46', 72, 41),
(250, 'Opela', 'Sculpture', 'birmingham-museums-trust-GJHAB0gxvtg-unsplash.jpg', 'Duis at velit eu est congue elementum.', 'Water painting', '0,38m', 5, '14075.34', 1, '2020-10-08 22:00:00', '2020-11-29 21:41:08', 276, 177),
(251, 'Alphazap', 'Non-objective', 'jon-tyson-9sR0K4D1gNQ-unsplash.jpg', 'Sed accumsan felis.', 'Marble', '1,1m', 2, '2724.69', NULL, '2020-10-18 13:49:31', '2020-11-29 21:53:46', 52, 83),
(252, 'Domainer', 'Representational', 'sophie-louisnard-7wrD24GDfcc-unsplash.jpg', 'Nullam sit amet turpis elementum ligula vehicula consequat.', 'Mix of styles', '1,99m', 4, '14372.12', NULL, '2020-12-18 20:06:55', '2020-11-29 21:53:46', 195, 145),
(253, 'Aerified', 'Representational', 'delaney-van-m--3yyH2p6Q-unsplash.jpg', 'Nunc purus.', 'Oil painting', '0,53m', 3, '12535.44', NULL, '2020-08-02 16:12:35', '2020-11-29 21:53:46', 41, 67),
(254, 'Zaam-Dox', 'Abstract', 'annie-spratt-rZ6Qfk8BuTI-unsplash.jpg', '', 'Water painting', '0,13m', 5, '17996.09', 1, '2020-10-23 22:00:00', '2020-11-29 21:41:08', 210, 6),
(255, 'Subin', 'Sculpture', 'monica-dahiya-ByjphQkZYRM-unsplash.jpg', '', 'Marble', '1,04m', 5, '16098.48', 1, '2020-10-03 22:00:00', '2020-11-29 21:41:08', 232, 39),
(256, 'Ventosanzap', 'Non-objective', 'karen-martinez-_bHzC5CSyYY-unsplash.jpg', '', 'Mix of styles', '1,99m', 5, '18437.14', NULL, '2020-09-24 15:48:45', '2020-11-29 21:53:46', 11, 58),
(257, 'Cardify', 'Representational', 'joel-filipe-QwoNAhbmLLo-unsplash.jpg', 'Mauris lacinia sapien quis libero.', 'Oil painting', '1,34m', 4, '18350.97', NULL, '2020-11-24 19:32:33', '2020-11-29 21:53:46', 103, 200),
(258, 'Bytecard', 'Abstract', 'birmingham-museums-trust-5ruS8plfbvM-unsplash.jpg', '', 'Water painting', '1,8m', 3, '13762.74', 1, '2020-10-13 22:00:00', '2020-11-29 21:41:08', 72, 182),
(259, 'Opela', 'Sculpture', 'benjamin-dehant-npjSnYgqjuQ-unsplash.jpg', '', 'Marble', '0,34m', 1, '14987.39', 1, '2020-10-25 23:00:00', '2020-11-29 21:41:08', 192, 71),
(260, 'Y-find', 'Non-objective', 'daniel-olah-pCcGpVsOHoo-unsplash.jpg', '', 'Mix of styles', '1,85m', 2, '5885.44', 1, '2020-10-11 22:00:00', '2020-11-29 21:41:08', 93, 148),
(261, 'Zaam-Dox', 'Representational', 'olga-serjantu-JXGPAo_pHd4-unsplash.jpg', '', 'Oil painting', '1,63m', 4, '13601.38', 1, '2020-10-19 22:00:00', '2020-11-29 21:41:08', 230, 160),
(262, 'Andalax', 'Representational', 'lisa-li-lB6LecQ_ohw-unsplash.jpg', 'Praesent blandit lacinia erat.', 'Water painting', '0,22m', 1, '16658.00', NULL, '2020-11-16 21:23:04', '2020-11-29 21:53:46', 74, 88),
(263, 'Flexidy', 'Abstract', 'claire-ward-BKcuYz9IUHs-unsplash.jpg', '', 'Marble', '1,89m', 5, '3575.81', 1, '2020-10-12 22:00:00', '2020-11-29 21:41:08', 23, 28),
(264, 'Viva', 'Sculpture', 'kobu-agency-k41cAJvJ7h0-unsplash.jpg', '', 'Mix of styles', '1,61m', 3, '2645.67', 1, '2020-10-21 22:00:00', '2020-11-29 21:41:08', 137, 117),
(265, 'Job', 'Non-objective', 'sophie-louisnard-h9rhcAQwgto-unsplash.jpg', '', 'Oil painting', '0,29m', 4, '9463.46', NULL, '2020-09-09 10:24:16', '2020-11-29 21:53:46', 225, 158),
(266, 'Hatity', 'Representational', 'british-library-Y7HuOsOhCrQ-unsplash.jpg', 'Duis ac nibh.', 'Water painting', '0,17m', 0, '2315.05', 1, '2020-10-29 23:00:00', '2020-11-29 21:41:08', 91, 53),
(267, 'Toughjoyfax', 'Abstract', 'orlova-maria-bU8TeXhsPcY-unsplash.jpg', '', 'Marble', '1,78m', 2, '10516.74', 1, '2020-10-10 22:00:00', '2020-11-29 21:41:08', 68, 127),
(268, 'Redhold', 'Sculpture', 'jeremy-lishner-tKgcMR8saYA-unsplash.jpg', '', 'Mix of styles', '1,64m', 3, '13085.30', 1, '2020-10-07 22:00:00', '2020-11-29 21:41:08', 33, 188),
(269, 'Sub-Ex', 'Non-objective', 'kasturi-roy-ERzfB-_BQXQ-unsplash.jpg', 'Vestibulum ante ipsum primis in faucibus orci luctus et ultrices posuere cubilia Curae; Mauris viverra diam vitae quam.', 'Oil painting', '0,52m', 2, '18358.87', 1, '2020-10-14 22:00:00', '2020-11-29 21:41:08', 5, 77),
(270, 'Zamit', 'Representational', 'manu-b-O_YS8-6sMJg-unsplash.jpg', '', 'Water painting', '1,97m', 4, '3855.04', 1, '2020-10-17 22:00:00', '2020-11-29 21:41:08', 224, 15),
(271, 'Bigtax', 'Representational', 'viktoria-svishch-ax5MIeV5mfA-unsplash.jpg', 'Donec dapibus.', 'Marble', '0,88m', 3, '19108.67', 1, '2020-10-10 22:00:00', '2020-11-29 21:41:08', 75, 60),
(272, 'Voyatouch', 'Abstract', 'solen-feyissa-s_niwAd9PJ8-unsplash.jpg', 'Donec ut mauris eget massa tempor convallis.', 'Mix of styles', '0,15m', 1, '19178.20', 1, '2020-10-19 22:00:00', '2020-11-29 21:41:08', 123, 158),
(273, 'Bamity', 'Sculpture', 'sharon-pittaway-N7FtpkC_P7o-unsplash.jpg', 'In eleifend quam a odio.', 'Oil painting', '0,4m', 3, '4414.55', 1, '2020-10-10 22:00:00', '2020-11-29 21:41:08', 112, 13),
(274, 'Zoolab', 'Non-objective', 'jene-stephaniuk-wsVOc34cQ_Q-unsplash.jpg', '', 'Water painting', '0,51m', 5, '14060.99', NULL, '2020-08-31 04:58:42', '2020-11-29 21:53:46', 110, 8),
(275, 'Lotlux', 'Representational', 'birmingham-museums-trust-XP81dRWU90E-unsplash.jpg', 'Aenean lectus.', 'Marble', '1,32m', 3, '18626.01', 1, '2020-10-10 22:00:00', '2020-11-29 21:41:08', 60, 64),
(276, 'Voltsillam', 'Abstract', 'richard-iwaki-ZsqtZUAe3u4-unsplash.jpg', 'Praesent blandit lacinia erat.', 'Mix of styles', '1,55m', 3, '11448.28', NULL, '2020-09-04 18:47:16', '2020-11-29 21:53:46', 2, 17),
(277, 'Zathin', 'Sculpture', 'keila-hotzel-ftnO5ZpJxe8-unsplash.jpg', 'Praesent blandit.', 'Oil painting', '1,95m', 0, '11381.56', 1, '2020-10-10 22:00:00', '2020-11-29 21:41:08', 194, 112),
(278, 'Hatity', 'Non-objective', 'erfan-moradi-wKc-i5zwfok-unsplash.jpg', '', 'Water painting', '0,88m', 0, '7044.17', NULL, '2020-10-25 09:06:48', '2020-11-29 21:53:46', 168, 10),
(279, 'Domainer', 'Representational', 'pavel-nekoranec-8ALBNshSZTE-unsplash.jpg', '', 'Marble', '0,38m', 2, '10649.56', 1, '2020-10-27 23:00:00', '2020-11-29 21:41:08', 65, 119),
(280, 'Tampflex', 'Representational', 'birmingham-museums-trust-EQuyeK1ti6s-unsplash.jpg', 'Morbi vel lectus in quam fringilla rhoncus.', 'Mix of styles', '0,57m', 5, '11626.40', 1, '2020-10-01 22:00:00', '2020-11-29 21:41:08', 284, 126),
(281, 'Cardify', 'Abstract', 'europeana-5TK1F5VfdIk-unsplash.jpg', '', 'Oil painting', '1,85m', 0, '5435.80', 1, '2020-10-20 22:00:00', '2020-11-29 21:41:08', 6, 93),
(282, 'Tin', 'Sculpture', 'dayee-2ZMj_aeGuNI-unsplash.jpg', 'Nulla neque libero, convallis eget, eleifend luctus, ultricies eu, nibh.', 'Water painting', '0,72m', 1, '4793.38', 1, '2020-10-29 23:00:00', '2020-11-29 21:41:08', 8, 37),
(283, 'Stringtough', 'Non-objective', 'british-library-Qa6Avl3xZ_M-unsplash.jpg', '', 'Marble', '0,64m', 1, '6870.48', 1, '2020-10-03 22:00:00', '2020-11-29 21:41:08', 5, 3),
(284, 'Flowdesk', 'Representational', 'alireza-zarafshani--6qgTcW5wQk-unsplash.jpg', '', 'Mix of styles', '0,38m', 5, '3755.07', 1, '2020-10-08 22:00:00', '2020-11-29 21:41:08', 170, 28),
(285, 'Quo Lux', 'Abstract', 'markus-spiske-4W5WWKaxsKs-unsplash.jpg', '', 'Oil painting', '1,02m', 3, '12844.56', 1, '2020-10-07 22:00:00', '2020-11-29 21:41:08', 70, 51),
(286, 'Opela', 'Sculpture', 'europeana--agv5fnZ3_I-unsplash.jpg', 'Vestibulum ante ipsum primis in faucibus orci luctus et ultrices posuere cubilia Curae; Duis faucibus accumsan odio.', 'Water painting', '0,46m', 1, '5809.61', 1, '2020-10-18 22:00:00', '2020-11-29 21:41:08', 137, 54),
(287, 'Namfix', 'Non-objective', 'aidana-khabdesh-dUdANpA0d1o-unsplash.jpg', 'Praesent blandit.', 'Marble', '1,81m', 3, '9932.35', NULL, '2020-08-16 07:18:44', '2020-11-29 21:53:46', 140, 34),
(288, 'Solarbreeze', 'Representational', 'victoria-wendish-bDhHV29HJM8-unsplash.jpg', 'Curabitur in libero ut massa volutpat convallis.', 'Mix of styles', '0,73m', 3, '15585.40', 1, '2020-10-13 22:00:00', '2020-11-29 21:41:08', 60, 56),
(289, 'Mat Lam Tam', 'Representational', 'nelson-estevao-skqBG4eZw38-unsplash.jpg', '', 'Oil painting', '1,21m', 3, '12075.31', 1, '2020-10-21 22:00:00', '2020-11-29 21:41:08', 62, 104),
(290, 'Asoka', 'Abstract', 'oriento-XQshoB5jbLo-unsplash.jpg', '', 'Water painting', '0m', 5, '11723.45', 1, '2020-10-12 22:00:00', '2020-11-29 21:41:08', 150, 26),
(291, 'Hatity', 'Sculpture', 'birmingham-museums-trust-frFAJ_695DU-unsplash.jpg', '', 'Marble', '0,98m', 2, '6458.24', 1, '2020-10-15 22:00:00', '2020-11-29 21:41:08', 254, 75),
(292, 'Regrant', 'Non-objective', 'evie-s-8NXkAUDaO-0-unsplash.jpg', 'Maecenas rhoncus aliquam lacus.', 'Mix of styles', '0m', 4, '4961.78', 1, '2020-10-24 22:00:00', '2020-11-29 21:41:08', 88, 166),
(293, 'Transcof', 'Representational', 'k8-2kbM8VOa9zs-unsplash.jpg', '', 'Oil painting', '1,71m', 5, '5666.43', 1, '2020-10-09 22:00:00', '2020-11-29 21:41:08', 124, 27),
(294, 'Cardify', 'Abstract', 'europeana-eDlx4ePH_kQ-unsplash.jpg', '', 'Water painting', '0,91m', 3, '13404.63', 1, '2020-10-29 23:00:00', '2020-11-29 21:41:08', 199, 174),
(295, 'Solarbreeze', 'Sculpture', 'ashkan-forouzani-XLYqnzJlbNs-unsplash.jpg', '', 'Marble', '1,86m', 4, '2782.55', NULL, '2020-12-10 16:19:52', '2020-11-29 21:53:46', 23, 127),
(296, 'Zamit', 'Non-objective', 'markus-spiske-k0rVudBoB4c-unsplash.jpg', 'Praesent blandit lacinia erat.', 'Mix of styles', '0,64m', 2, '11084.69', 1, '2020-10-05 22:00:00', '2020-11-29 21:41:08', 252, 25),
(297, 'Flowdesk', 'Representational', 'marina-reich-Lh6G7kMdGr0-unsplash.jpg', '', 'Oil painting', '1,05m', 2, '15503.64', NULL, '2020-12-29 17:49:40', '2020-11-29 21:53:46', 139, 46),
(298, 'Span', 'Representational', 'victor-grabarczyk-wN9DU73b8_s-unsplash.jpg', 'Fusce posuere felis sed lacus.', 'Water painting', '0,95m', 4, '2988.21', 1, '2020-10-14 22:00:00', '2020-11-29 21:41:08', 111, 151),
(299, 'Y-Solowarm', 'Abstract', 'levi-midnight-3olJI4AFFFE-unsplash.jpg', 'Proin eu mi.', 'Marble', '1,07m', 2, '11478.40', NULL, '2020-09-21 13:15:17', '2020-11-29 21:53:46', 45, 24),
(300, 'Cardify', 'Sculpture', 'sahra-peterson-rPsKv_R48n4-unsplash.jpg', '', 'Mix of styles', '1,7m', 4, '17944.22', 1, '2020-10-26 23:00:00', '2020-11-29 21:41:08', 20, 151),
(301, 'Bitchip', 'Non-objective', 'europeana-GTghGzaGTJc-unsplash.jpg', '', 'Oil painting', '0,93m', 5, '18224.85', 1, '2020-10-22 22:00:00', '2020-11-29 21:41:08', 119, 58),
(302, 'Cardguard', 'Representational', 'evie-s-vbA1HNW-APA-unsplash.jpg', '', 'Water painting', '0,36m', 3, '7337.40', 1, '2020-10-12 22:00:00', '2020-11-29 21:41:08', 106, 70),
(303, 'Sonsing', 'Abstract', 'toa-heftiba-RXzHcftIdYU-unsplash.jpg', '', 'Marble', '1,7m', 3, '4840.59', 1, '2020-10-01 22:00:00', '2020-11-29 21:41:08', 66, 100),
(304, 'Zoolab', 'Sculpture', 'ian-dooley-iD5aVJFCXJg-unsplash.jpg', 'Aenean lectus.', 'Mix of styles', '1,04m', 3, '10919.80', NULL, '2020-11-25 19:53:59', '2020-11-29 21:53:46', 95, 111),
(305, 'Tres-Zap', 'Non-objective', 'chaewon-lee-VfhoKbFv16Y-unsplash.jpg', '', 'Oil painting', '0,54m', 3, '13989.11', NULL, '2020-12-01 06:50:41', '2020-11-29 21:53:46', 274, 11),
(306, 'Viva', 'Representational', 'birmingham-museums-trust-BqaF65lS6E4-unsplash.jpg', '', 'Water painting', '0,16m', 1, '2991.71', NULL, '2020-11-17 09:37:59', '2020-11-29 21:53:46', 151, 12),
(307, 'Subin', 'Representational', 'clark-van-der-beken-CH0Rho6deI8-unsplash.jpg', 'Duis bibendum.', 'Marble', '0,4m', 0, '9601.52', NULL, '2020-08-23 13:44:26', '2020-11-29 21:53:46', 117, 32),
(308, 'Y-find', 'Abstract', 'laurianne-huggins-AeT8VR7qss0-unsplash.jpg', '', 'Mix of styles', '1,13m', 5, '17549.96', 1, '2020-10-13 22:00:00', '2020-11-29 21:41:08', 47, 32),
(309, 'Job', 'Sculpture', 'the-bud-box-singapore-K2bDPiWams0-unsplash.jpg', '', 'Oil painting', '1,93m', 3, '48.68', 1, '2020-10-08 22:00:00', '2020-11-29 21:41:08', 234, 133),
(310, 'Solarbreeze', 'Non-objective', 'juli-kosolapova-_BrSPquLJ_8-unsplash.jpg', 'In blandit ultrices enim.', 'Water painting', '0,59m', 1, '9547.76', 1, '2020-10-14 22:00:00', '2020-11-29 21:41:08', 164, 141),
(311, 'Fixflex', 'Representational', 'europeana-mU0oa66FJEQ-unsplash.jpg', '', 'Marble', '1,09m', 0, '225.38', 1, '2020-10-21 22:00:00', '2020-11-29 21:41:08', 276, 84),
(312, 'Zaam-Dox', 'Abstract', 'europeana-EPo8Az8no8s-unsplash.jpg', 'Fusce consequat.', 'Mix of styles', '1,22m', 4, '3460.65', NULL, '2020-11-07 22:54:46', '2020-11-29 21:53:46', 64, 40),
(313, 'Tin', 'Sculpture', 'abin-varghese-woC7_1c_kZQ-unsplash.jpg', '', 'Oil painting', '0,8m', 3, '8795.78', NULL, '2020-11-28 20:27:07', '2020-11-29 21:53:46', 126, 37),
(314, 'Viva', 'Non-objective', 'yue-iris-eP6jHmYsAyA-unsplash.jpg', '', 'Water painting', '0,5m', 1, '354.52', 1, '2020-10-18 22:00:00', '2020-11-29 21:41:08', 70, 135),
(315, 'Bitchip', 'Representational', 'birmingham-museums-trust-XcsIjN6Ct6U-unsplash.jpg', '', 'Marble', '0,67m', 2, '10399.91', NULL, '2020-12-28 20:37:51', '2020-11-29 21:53:46', 160, 36),
(316, 'Bitchip', 'Representational', 'mehrad-vosoughi-1E5XakhWNOw-unsplash.jpg', '', 'Mix of styles', '1,3m', 4, '12714.93', 1, '2020-10-05 22:00:00', '2020-11-29 21:41:08', 198, 57),
(317, 'Quo Lux', 'Abstract', 'british-library-P9LLPWNrV88-unsplash.jpg', '', 'Oil painting', '1,31m', 3, '8391.04', 1, '2020-10-23 22:00:00', '2020-11-29 21:41:08', 174, 91),
(318, 'Tin', 'Sculpture', 'susan-wilkinson-z7ktPMBH96I-unsplash.jpg', '', 'Water painting', '0,99m', 1, '7206.05', NULL, '2020-10-22 14:54:29', '2020-11-29 21:53:46', 272, 110),
(319, 'Rank', 'Non-objective', 'birmingham-museums-trust-zWE5pOLWkio-unsplash.jpg', 'Pellentesque at nulla.', 'Marble', '0,15m', 5, '11483.55', 1, '2020-10-19 22:00:00', '2020-11-29 21:41:08', 137, 114),
(320, 'Pannier', 'Representational', 'birmingham-museums-trust-flaxAD9Hw4Y-unsplash.jpg', 'In hac habitasse platea dictumst.', 'Mix of styles', '0,08m', 0, '3417.53', NULL, '2020-11-29 06:45:25', '2020-11-29 21:53:46', 189, 12),
(321, 'Voyatouch', 'Abstract', 'birmingham-museums-trust-OdtLtgajtyc-unsplash.jpg', 'Ut at dolor quis odio consequat varius.', 'Oil painting', '1,06m', 0, '15365.48', 1, '2020-10-01 22:00:00', '2020-11-29 21:41:08', 68, 74),
(322, 'Quo Lux', 'Sculpture', 'visuel-colonie-PCPHbj5ICH0-unsplash.jpg', '', 'Water painting', '0,03m', 4, '8419.38', NULL, '2020-09-16 07:10:12', '2020-11-29 21:53:46', 155, 150),
(323, 'Tempsoft', 'Non-objective', 'jan-antonin-kolar-9SWhO96bFEk-unsplash.jpg', 'In hac habitasse platea dictumst.', 'Marble', '0,06m', 0, '6188.81', NULL, '2020-08-28 08:41:19', '2020-11-29 21:53:46', 214, 116),
(324, 'Subin', 'Representational', 'british-library-b8vYa2-83pw-unsplash.jpg', '', 'Mix of styles', '1m', 2, '7033.14', 1, '2020-10-24 22:00:00', '2020-11-29 21:41:08', 53, 145),
(325, 'Y-find', 'Representational', 'jean-philippe-delberghe-75xPHEQBmvA-unsplash.jpg', '', 'Oil painting', '1,72m', 1, '19287.71', 1, '2020-10-02 22:00:00', '2020-11-29 21:41:08', 137, 191),
(326, 'Domainer', 'Abstract', 'birmingham-museums-trust-G1Z0cIMYHVM-unsplash.jpg', 'Pellentesque ultrices mattis odio.', 'Water painting', '0,7m', 2, '6942.42', 1, '2020-10-24 22:00:00', '2020-11-29 21:41:08', 48, 159),
(327, 'Otcom', 'Sculpture', 'birmingham-museums-trust-EdhYnPM_dbI-unsplash.jpg', 'Donec semper sapien a libero.', 'Marble', '0,44m', 5, '14222.44', 1, '2020-10-10 22:00:00', '2020-11-29 21:41:08', 251, 66),
(328, 'Konklab', 'Non-objective', 'simon-tackaert-PC04Fvgwmrs-unsplash.jpg', '', 'Mix of styles', '1,77m', 0, '9806.92', 1, '2020-10-12 22:00:00', '2020-11-29 21:41:08', 68, 155),
(329, 'Holdlamis', 'Representational', 'martino-pietropoli-VSo5d9wlT7s-unsplash.jpg', '', 'Oil painting', '1,53m', 1, '301.68', NULL, '2020-07-31 23:02:35', '2020-11-29 21:53:46', 180, 75),
(330, 'Voyatouch', 'Abstract', 'shushan-meloyan-I-RNtEsy7W0-unsplash.jpg', 'Cum sociis natoque penatibus et magnis dis parturient montes, nascetur ridiculus mus.', 'Water painting', '1,57m', 4, '16895.38', NULL, '2020-10-14 07:15:30', '2020-11-29 21:53:46', 68, 135),
(331, 'Domainer', 'Sculpture', 'paul-blenkhorn-sensoryarthouse--84767CQrS8-unsplash.jpg', '', 'Marble', '0,92m', 5, '13828.16', 1, '2020-10-20 22:00:00', '2020-11-29 21:41:08', 190, 192),
(332, 'Rank', 'Non-objective', 'susan-wilkinson-nq6P5gh6WvY-unsplash.jpg', 'Vivamus tortor.', 'Mix of styles', '1,54m', 2, '7558.49', NULL, '2020-10-04 14:16:17', '2020-11-29 21:53:46', 162, 196),
(333, 'Zontrax', 'Representational', 'birmingham-museums-trust-eX9kRG0XKLo-unsplash.jpg', '', 'Oil painting', '0,2m', 1, '15996.88', NULL, '2020-11-11 03:41:31', '2020-11-29 21:53:46', 133, 35),
(334, 'Alpha', 'Representational', 'pavel-nekoranec-I__QKQLMIKs-unsplash.jpg', 'Quisque porta volutpat erat.', 'Water painting', '0,06m', 4, '15129.67', 1, '2020-10-10 22:00:00', '2020-11-29 21:41:08', 150, 134),
(335, 'Matsoft', 'Abstract', 'li-lin-7EPeTV-IW8U-unsplash.jpg', 'Praesent blandit lacinia erat.', 'Marble', '1,25m', 2, '10002.20', 1, '2020-10-09 22:00:00', '2020-11-29 21:41:08', 231, 77),
(336, 'Rank', 'Sculpture', 'brandon-vazquez-EqeJrBFGQd0-unsplash.jpg', 'Maecenas leo odio, condimentum id, luctus nec, molestie sed, justo.', 'Mix of styles', '1,57m', 5, '6469.93', 1, '2020-10-18 22:00:00', '2020-11-29 21:41:08', 169, 112),
(337, 'Tampflex', 'Non-objective', 'jean-marc-vieregge-Q9IGFfztBe4-unsplash.jpg', '', 'Oil painting', '0,2m', 4, '17128.36', NULL, '2020-08-10 17:45:19', '2020-11-29 21:53:46', 54, 138),
(338, 'Cookley', 'Representational', 'nathan-dumlao-lMO37jaMjMk-unsplash.jpg', '', 'Water painting', '0,47m', 1, '14972.30', 1, '2020-10-07 22:00:00', '2020-11-29 21:41:08', 161, 157),
(339, 'Tresom', 'Abstract', 'lucas-sankey-4Ir9T2-1G_k-unsplash.jpg', 'Morbi non lectus.', 'Marble', '1,35m', 4, '11727.91', 1, '2020-10-13 22:00:00', '2020-11-29 21:41:08', 169, 95),
(340, 'Job', 'Sculpture', 'kolya-korzh-RMVdKLMDGo0-unsplash.jpg', 'Proin leo odio, porttitor id, consequat in, consequat ut, nulla.', 'Mix of styles', '0,36m', 0, '274.83', 1, '2020-10-01 22:00:00', '2020-11-29 21:41:08', 251, 115),
(341, 'Duobam', 'Non-objective', 'susan-wilkinson-fPpHF-Wiob0-unsplash.jpg', '', 'Oil painting', '1,25m', 0, '3520.55', NULL, '2020-09-23 11:48:37', '2020-11-29 21:53:46', 26, 66),
(342, 'Veribet', 'Representational', 'roger-bradshaw-RhmxOK33gOM-unsplash.jpg', '', 'Water painting', '1,18m', 4, '22.16', 1, '2020-10-13 22:00:00', '2020-11-29 21:41:08', 141, 197),
(343, 'Zathin', 'Representational', 'kanwardeep-kaur-0-VvBHdQpqM-unsplash.jpg', 'In hac habitasse platea dictumst.', 'Marble', '1,6m', 2, '11321.82', 1, '2020-10-09 22:00:00', '2020-11-29 21:41:08', 35, 108),
(344, 'Biodex', 'Abstract', 'karen-martinez-_bHzC5CSyYY-unsplash.jpg', 'Cras pellentesque volutpat dui.', 'Mix of styles', '0,65m', 4, '4483.48', NULL, '2020-10-25 18:53:39', '2020-11-29 21:53:46', 95, 178),
(345, 'Opela', 'Sculpture', 'k8-2kbM8VOa9zs-unsplash.jpg', '', 'Oil painting', '1,01m', 4, '3845.41', 1, '2020-10-29 23:00:00', '2020-11-29 21:41:08', 91, 132),
(346, 'Ventosanzap', 'Non-objective', 'yeh-xintong-5GFkcgd7jYY-unsplash.jpg', 'Quisque arcu libero, rutrum ac, lobortis vel, dapibus at, diam.', 'Water painting', '1,41m', 1, '17773.32', NULL, '2020-11-24 19:08:58', '2020-11-29 21:53:46', 114, 200),
(347, 'Konklab', 'Representational', 'birmingham-museums-trust-GJHAB0gxvtg-unsplash.jpg', 'Ut tellus.', 'Marble', '1,79m', 0, '15873.74', 1, '2020-10-17 22:00:00', '2020-11-29 21:41:08', 206, 42),
(348, 'Y-Solowarm', 'Abstract', 'pawel-czerwinski-OG44d93iNJk-unsplash.jpg', 'Duis ac nibh.', 'Mix of styles', '1,53m', 0, '19657.03', NULL, '2020-08-15 12:10:26', '2020-11-29 21:53:46', 261, 158),
(349, 'Ventosanzap', 'Sculpture', 'brandon-vazquez-jdvpdAvDuB0-unsplash.jpg', 'Donec ut mauris eget massa tempor convallis.', 'Oil painting', '0,49m', 5, '11017.83', 1, '2020-10-15 22:00:00', '2020-11-29 21:41:08', 106, 107),
(350, 'Tresom', 'Non-objective', 'europeana-5TK1F5VfdIk-unsplash.jpg', 'Maecenas tincidunt lacus at velit.', 'Water painting', '1,72m', 0, '1974.06', 1, '2020-10-11 22:00:00', '2020-11-29 21:41:08', 61, 111),
(351, 'Biodex', 'Representational', 'lucas-sankey-4Ir9T2-1G_k-unsplash.jpg', '', 'Marble', '1,66m', 3, '7188.87', NULL, '2020-09-06 09:31:51', '2020-11-29 21:53:46', 254, 62),
(352, 'Konklux', 'Representational', 'europeana-mU0oa66FJEQ-unsplash.jpg', '', 'Mix of styles', '0,8m', 5, '1590.94', NULL, '2020-12-19 13:14:31', '2020-11-29 21:53:46', 115, 190),
(353, 'Biodex', 'Abstract', 'europeana-EPo8Az8no8s-unsplash.jpg', 'Nunc nisl.', 'Oil painting', '1,56m', 5, '2045.28', NULL, '2020-12-10 19:43:36', '2020-11-29 21:53:46', 138, 144),
(354, 'Viva', 'Sculpture', 'roger-bradshaw-RhmxOK33gOM-unsplash.jpg', '', 'Water painting', '0,1m', 2, '7558.53', 1, '2020-10-01 22:00:00', '2020-11-29 21:41:08', 248, 193),
(355, 'Trippledex', 'Non-objective', 'ian-dooley-iD5aVJFCXJg-unsplash.jpg', '', 'Marble', '1,07m', 2, '12926.95', NULL, '2020-10-24 21:01:02', '2020-11-29 21:53:46', 164, 7),
(356, 'Transcof', 'Representational', 'victoria-wendish-bDhHV29HJM8-unsplash.jpg', 'Maecenas pulvinar lobortis est.', 'Mix of styles', '0,93m', 1, '4527.12', 1, '2020-10-04 22:00:00', '2020-11-29 21:41:08', 4, 129),
(357, 'Vagram', 'Abstract', 'magda-lukas-D9DpHj8n4a4-unsplash.jpg', '', 'Oil painting', '1,76m', 5, '5256.79', 1, '2020-10-22 22:00:00', '2020-11-29 21:41:08', 214, 24),
(358, 'Y-Solowarm', 'Sculpture', 'brandon-vazquez-EqeJrBFGQd0-unsplash.jpg', '', 'Water painting', '1,82m', 5, '15544.25', 1, '2020-10-19 22:00:00', '2020-11-29 21:41:08', 102, 66),
(359, 'Transcof', 'Non-objective', 'paul-blenkhorn-sensoryarthouse--84767CQrS8-unsplash.jpg', 'Quisque arcu libero, rutrum ac, lobortis vel, dapibus at, diam.', 'Marble', '1,02m', 4, '7798.84', 1, '2020-10-27 23:00:00', '2020-11-29 21:41:08', 93, 35),
(360, 'Duobam', 'Representational', 'delaney-van-m--3yyH2p6Q-unsplash.jpg', '', 'Mix of styles', '0,18m', 4, '16761.49', 1, '2020-10-27 23:00:00', '2020-11-29 21:41:08', 174, 113),
(361, 'Bitwolf', 'Representational', 'benjamin-dehant-npjSnYgqjuQ-unsplash.jpg', '', 'Oil painting', '1,14m', 0, '2925.49', NULL, '2020-09-01 02:00:56', '2020-11-29 21:53:46', 263, 79),
(362, 'Sonsing', 'Abstract', 'british-library-P9LLPWNrV88-unsplash.jpg', 'Integer ac neque.', 'Water painting', '0,83m', 2, '19748.73', NULL, '2020-09-27 09:08:09', '2020-11-29 21:53:46', 14, 188),
(363, 'Home Ing', 'Sculpture', 'laurianne-huggins-AeT8VR7qss0-unsplash.jpg', 'Aenean auctor gravida sem.', 'Marble', '0,88m', 5, '7350.46', 1, '2020-10-17 22:00:00', '2020-11-29 21:41:08', 145, 108),
(364, 'Flowdesk', 'Non-objective', 'gradienta-m_7p45JfXQo-unsplash.jpg', '', 'Mix of styles', '1,61m', 5, '17717.94', NULL, '2020-09-11 03:44:28', '2020-11-29 21:53:46', 157, 148),
(365, 'Flexidy', 'Representational', 'mehrad-vosoughi-1E5XakhWNOw-unsplash.jpg', 'Nulla suscipit ligula in lacus.', 'Oil painting', '1,13m', 3, '9916.65', NULL, '2020-09-05 16:24:27', '2020-11-29 21:53:46', 42, 32),
(366, 'Subin', 'Abstract', 'lisa-li-lB6LecQ_ohw-unsplash.jpg', 'Maecenas leo odio, condimentum id, luctus nec, molestie sed, justo.', 'Water painting', '1,38m', 4, '17162.60', 1, '2020-10-06 22:00:00', '2020-11-29 21:41:08', 258, 135),
(367, 'Otcom', 'Sculpture', 'birmingham-museums-trust-flaxAD9Hw4Y-unsplash.jpg', 'Nulla facilisi.', 'Marble', '1,18m', 2, '14197.65', 1, '2020-10-17 22:00:00', '2020-11-29 21:41:08', 269, 25),
(368, 'Zamit', 'Non-objective', 'europeana--agv5fnZ3_I-unsplash.jpg', '', 'Mix of styles', '0,33m', 4, '16008.49', 1, '2020-10-19 22:00:00', '2020-11-29 21:41:08', 83, 194),
(369, 'Rank', 'Representational', 'meric-dagli-3KJpF86nR4c-unsplash.jpg', 'Vestibulum ante ipsum primis in faucibus orci luctus et ultrices posuere cubilia Curae; Duis faucibus accumsan odio.', 'Oil painting', '1,36m', 4, '17963.55', 1, '2020-10-29 23:00:00', '2020-11-29 21:41:08', 70, 101),
(370, 'Cardify', 'Representational', 'british-library-b8vYa2-83pw-unsplash.jpg', '', 'Water painting', '0,14m', 2, '13378.94', 1, '2020-10-09 22:00:00', '2020-11-29 21:41:08', 64, 2),
(371, 'Vagram', 'Abstract', 'shushan-meloyan-I-RNtEsy7W0-unsplash.jpg', '', 'Marble', '0,17m', 0, '8013.52', 1, '2020-10-02 22:00:00', '2020-11-29 21:41:08', 137, 69),
(372, 'Sonair', 'Sculpture', 'sophie-louisnard-h9rhcAQwgto-unsplash.jpg', 'Etiam pretium iaculis justo.', 'Mix of styles', '0,84m', 0, '6923.31', 1, '2020-11-06 23:00:00', '2020-11-29 21:41:08', 220, 192),
(373, 'It', 'Non-objective', 'nelson-estevao-skqBG4eZw38-unsplash.jpg', '', 'Oil painting', '0,26m', 5, '16084.48', NULL, '2020-09-26 23:55:25', '2020-11-29 21:53:46', 3, 89),
(374, 'Zontrax', 'Representational', 'aidana-khabdesh-dUdANpA0d1o-unsplash.jpg', 'Quisque ut erat.', 'Water painting', '0,97m', 0, '16235.02', NULL, '2020-08-26 10:30:18', '2020-11-29 21:53:46', 29, 143),
(375, 'Flexidy', 'Abstract', 'olga-serjantu-JXGPAo_pHd4-unsplash.jpg', '', 'Marble', '1,67m', 5, '13821.39', 1, '2020-11-13 23:00:00', '2020-11-29 21:41:08', 45, 39),
(376, 'Solarbreeze', 'Sculpture', 'birmingham-museums-trust-e0wBK0xJXYQ-unsplash.jpg', '', 'Mix of styles', '0,56m', 4, '6922.87', 1, '2020-11-20 23:00:00', '2020-11-29 21:41:08', 128, 150),
(377, 'Cardguard', 'Non-objective', 'sophie-louisnard-7wrD24GDfcc-unsplash.jpg', '', 'Oil painting', '0,02m', 0, '14940.13', 1, '2020-11-18 23:00:00', '2020-11-29 21:41:08', 46, 47),
(378, 'Tresom', 'Representational', 'jene-stephaniuk-wsVOc34cQ_Q-unsplash.jpg', 'Nulla suscipit ligula in lacus.', 'Water painting', '0,51m', 2, '18098.51', 1, '2020-11-13 23:00:00', '2020-11-29 21:41:08', 54, 119),
(379, 'Konklux', 'Representational', 'daniel-olah-pCcGpVsOHoo-unsplash.jpg', 'Donec vitae nisi.', 'Marble', '0,81m', 1, '16921.99', NULL, '2020-11-21 19:51:47', '2020-11-29 21:53:46', 290, 126),
(380, 'Lotstring', 'Abstract', 'susan-wilkinson-nq6P5gh6WvY-unsplash.jpg', '', 'Mix of styles', '0,12m', 0, '4300.72', 1, '2020-08-29 22:00:00', '2020-11-29 21:41:08', 94, 34),
(381, 'Voyatouch', 'Sculpture', 'monica-dahiya-ByjphQkZYRM-unsplash.jpg', 'Nulla neque libero, convallis eget, eleifend luctus, ultricies eu, nibh.', 'Oil painting', '1,91m', 0, '7839.43', 1, '2020-08-29 22:00:00', '2020-11-29 21:41:08', 181, 104),
(382, 'Konklux', 'Non-objective', 'annie-spratt-K8E2TTk0Ewg-unsplash.jpg', '', 'Water painting', '1,27m', 4, '723.78', 1, '2020-11-08 23:00:00', '2020-11-29 21:41:08', 9, 4),
(383, 'Otcom', 'Representational', 'kazden-cattapan-LKRSUMDI5NA-unsplash.jpg', '', 'Marble', '0,55m', 4, '10887.85', NULL, '2020-08-27 00:54:38', '2020-11-29 21:53:46', 1, 40),
(384, 'Aerified', 'Abstract', 'oriento-XQshoB5jbLo-unsplash.jpg', '', 'Mix of styles', '0,17m', 0, '8614.87', 1, '2020-11-24 23:00:00', '2020-11-29 21:41:08', 81, 170),
(385, 'Sonair', 'Sculpture', 'annie-spratt-rZ6Qfk8BuTI-unsplash.jpg', '', 'Oil painting', '1,37m', 4, '17871.50', 1, '2020-11-10 23:00:00', '2020-11-29 21:41:08', 132, 174),
(386, 'Stringtough', 'Non-objective', 'toa-heftiba-RXzHcftIdYU-unsplash.jpg', 'Fusce lacus purus, aliquet at, feugiat non, pretium quis, lectus.', 'Water painting', '1,84m', 3, '9985.15', 1, '2020-11-15 23:00:00', '2020-11-29 21:41:08', 286, 149),
(387, 'Viva', 'Representational', 'birmingham-museums-trust-BqaF65lS6E4-unsplash.jpg', '', 'Marble', '1,08m', 3, '2178.11', NULL, '2020-11-12 00:04:22', '2020-11-29 21:53:46', 121, 92),
(388, 'Tampflex', 'Representational', 'evie-s-8NXkAUDaO-0-unsplash.jpg', 'Maecenas rhoncus aliquam lacus.', 'Mix of styles', '1,49m', 1, '2836.23', 1, '2020-11-06 23:00:00', '2020-11-29 21:41:08', 53, 109),
(389, 'Treeflex', 'Abstract', 'sahra-peterson-rPsKv_R48n4-unsplash.jpg', '', 'Oil painting', '0,99m', 0, '2815.13', 1, '2020-11-14 23:00:00', '2020-11-29 21:41:08', 92, 147),
(390, 'Fix San', 'Sculpture', 'birmingham-museums-trust-zWE5pOLWkio-unsplash.jpg', 'Aenean fermentum.', 'Water painting', '0,83m', 4, '18891.33', 1, '2020-10-30 23:00:00', '2020-11-29 21:41:08', 17, 171),
(391, 'Cardify', 'Non-objective', 'martino-pietropoli-VSo5d9wlT7s-unsplash.jpg', '', 'Marble', '0,82m', 5, '4197.74', 1, '2020-11-27 23:00:00', '2020-11-29 21:41:08', 260, 34),
(392, 'Treeflex', 'Representational', 'levi-midnight-3olJI4AFFFE-unsplash.jpg', '', 'Mix of styles', '0,75m', 3, '3808.11', 1, '2020-11-10 23:00:00', '2020-11-29 21:41:08', 209, 26),
(393, 'Tresom', 'Abstract', 'ashkan-forouzani-XLYqnzJlbNs-unsplash.jpg', '', 'Oil painting', '1,1m', 3, '3898.98', 1, '2020-11-06 23:00:00', '2020-11-29 21:41:08', 251, 162),
(394, 'Quo Lux', 'Sculpture', 'british-library-Y7HuOsOhCrQ-unsplash.jpg', 'Integer non velit.', 'Water painting', '1,91m', 4, '4686.77', 1, '2020-11-17 23:00:00', '2020-11-29 21:41:08', 259, 130),
(395, 'Daltfresh', 'Non-objective', 'simon-tackaert-PC04Fvgwmrs-unsplash.jpg', 'Suspendisse potenti.', 'Marble', '1,55m', 3, '5080.44', NULL, '2020-12-08 16:44:28', '2020-11-29 21:53:46', 190, 199),
(396, 'Cardify', 'Representational', 'kobu-agency-k41cAJvJ7h0-unsplash.jpg', 'Suspendisse potenti.', 'Mix of styles', '1,04m', 4, '10719.04', NULL, '2020-09-02 08:35:48', '2020-11-29 21:53:46', 239, 127),
(397, 'Fix San', 'Representational', 'evie-s-vbA1HNW-APA-unsplash.jpg', '', 'Oil painting', '0,84m', 4, '1593.86', 1, '2020-11-20 23:00:00', '2020-11-29 21:41:08', 191, 105),
(398, 'Rank', 'Abstract', 'erfan-moradi-wKc-i5zwfok-unsplash.jpg', '', 'Water painting', '0,98m', 2, '17039.13', 1, '2020-08-29 22:00:00', '2020-11-29 21:41:08', 246, 135),
(399, 'Lotstring', 'Sculpture', 'kolya-korzh-RMVdKLMDGo0-unsplash.jpg', '', 'Marble', '1,73m', 3, '17033.38', 1, '2020-08-29 22:00:00', '2020-11-29 21:41:08', 100, 179),
(400, 'Redhold', 'Non-objective', 'manu-b-O_YS8-6sMJg-unsplash.jpg', '', 'Mix of styles', '1,44m', 4, '12974.24', 1, '2020-11-23 23:00:00', '2020-11-29 21:41:08', 229, 129),
(401, 'Andalax', 'Representational', 'victor-grabarczyk-wN9DU73b8_s-unsplash.jpg', 'Praesent id massa id nisl venenatis lacinia.', 'Oil painting', '0,08m', 2, '6547.09', NULL, '2020-10-23 22:52:11', '2020-11-29 21:53:46', 234, 85),
(402, 'Domainer', 'Abstract', 'susan-wilkinson-z7ktPMBH96I-unsplash.jpg', '', 'Water painting', '1,61m', 5, '7581.09', 0, '2020-11-05 23:00:00', '2020-11-29 21:41:08', 143, 200),
(403, 'Voltsillam', 'Sculpture', 'dayee-2ZMj_aeGuNI-unsplash.jpg', '', 'Marble', '1,35m', 1, '14169.12', 0, '2020-11-05 23:00:00', '2020-11-29 21:41:08', 72, 126),
(404, 'Cardguard', 'Non-objective', 'markus-spiske-4W5WWKaxsKs-unsplash.jpg', '', 'Mix of styles', '1,68m', 5, '16747.02', NULL, '2020-08-16 15:40:05', '2020-11-29 21:53:46', 178, 39),
(405, 'Holdlamis', 'Representational', 'british-library-Qa6Avl3xZ_M-unsplash.jpg', 'Maecenas pulvinar lobortis est.', 'Oil painting', '0,18m', 0, '4603.15', 0, '2020-11-05 23:00:00', '2020-11-29 21:41:08', 169, 89),
(406, 'Tempsoft', 'Representational', 'the-bud-box-singapore-K2bDPiWams0-unsplash.jpg', '', 'Water painting', '0,36m', 3, '12237.52', NULL, '2020-12-16 13:50:26', '2020-11-29 21:53:46', 36, 59),
(407, 'Y-Solowarm', 'Abstract', 'dim-7-DB7u9kZnzgg-unsplash.jpg', '', 'Marble', '0,49m', 0, '8323.00', NULL, '2020-08-25 14:18:28', '2020-11-29 21:53:46', 79, 196),
(408, 'Tresom', 'Sculpture', 'nathan-dumlao-lMO37jaMjMk-unsplash.jpg', '', 'Mix of styles', '1,4m', 1, '8394.25', 0, '2020-11-12 23:00:00', '2020-11-29 21:41:08', 60, 77),
(409, 'Toughjoyfax', 'Non-objective', 'tania-miron-QTGrebUeYMM-unsplash.jpg', 'Duis consequat dui nec nisi volutpat eleifend.', 'Oil painting', '0,22m', 4, '578.18', 0, '2020-11-01 23:00:00', '2020-11-29 21:41:08', 285, 88),
(410, 'Zontrax', 'Representational', 'jean-philippe-delberghe-75xPHEQBmvA-unsplash.jpg', 'Vivamus in felis eu sapien cursus vestibulum.', 'Water painting', '1,48m', 0, '14379.72', 0, '2020-11-06 23:00:00', '2020-11-29 21:41:08', 257, 153),
(411, 'Kanlam', 'Abstract', 'jon-tyson-9sR0K4D1gNQ-unsplash.jpg', '', 'Marble', '0,47m', 3, '9350.90', 0, '2020-11-06 23:00:00', '2020-11-29 21:41:08', 3, 19),
(412, 'Redhold', 'Sculpture', 'markus-spiske-k0rVudBoB4c-unsplash.jpg', 'Ut tellus.', 'Mix of styles', '1,79m', 3, '10564.87', 0, '2020-11-09 23:00:00', '2020-11-29 21:41:08', 289, 92),
(413, 'It', 'Non-objective', 'birmingham-museums-trust-EdhYnPM_dbI-unsplash.jpg', 'Donec ut mauris eget massa tempor convallis.', 'Oil painting', '1,42m', 0, '15013.52', 0, '2020-11-10 23:00:00', '2020-11-29 21:41:08', 186, 55),
(414, 'Solarbreeze', 'Representational', 'alireza-zarafshani--6qgTcW5wQk-unsplash.jpg', '', 'Water painting', '1,75m', 5, '492.26', 0, '2020-11-10 23:00:00', '2020-11-29 21:41:08', 235, 198),
(415, 'Job', 'Representational', 'europeana-GTghGzaGTJc-unsplash.jpg', '', 'Marble', '0,57m', 0, '13413.25', 0, '2020-11-16 23:00:00', '2020-11-29 21:41:08', 226, 178),
(416, 'Alphazap', 'Abstract', 'marina-reich-Lh6G7kMdGr0-unsplash.jpg', 'Suspendisse potenti.', 'Mix of styles', '0,98m', 0, '6771.90', NULL, '2020-08-22 12:07:38', '2020-11-29 21:53:46', 272, 200),
(417, 'Quo Lux', 'Sculpture', 'paula-russell-vqNy9grXp2E-unsplash.jpg', '', 'Oil painting', '0,9m', 1, '14458.53', 0, '2020-11-16 23:00:00', '2020-11-29 21:41:08', 25, 34),
(418, 'Voltsillam', 'Non-objective', 'tina-witherspoon-pKhysdt2Xl4-unsplash.jpg', '', 'Water painting', '0,91m', 1, '5414.23', 0, '2020-11-15 23:00:00', '2020-11-29 21:41:08', 279, 181),
(419, 'Sub-Ex', 'Representational', 'joel-filipe-QwoNAhbmLLo-unsplash.jpg', 'Nullam varius.', 'Marble', '1,76m', 2, '3139.70', NULL, '2020-09-05 18:49:20', '2020-11-29 21:53:46', 211, 1),
(420, 'Biodex', 'Abstract', 'richard-iwaki-ZsqtZUAe3u4-unsplash.jpg', 'Mauris enim leo, rhoncus sed, vestibulum sit amet, cursus id, turpis.', 'Mix of styles', '0,62m', 2, '14418.79', NULL, '2020-11-25 11:50:20', '2020-11-29 21:53:46', 274, 120),
(421, 'Regrant', 'Sculpture', 'birmingham-museums-trust-sJr8LDyEf7k-unsplash.jpg', '', 'Oil painting', '0,38m', 1, '1574.38', 0, '2020-11-05 23:00:00', '2020-11-29 21:41:08', 255, 154),
(422, 'Y-find', 'Non-objective', 'juli-kosolapova-_BrSPquLJ_8-unsplash.jpg', 'In hac habitasse platea dictumst.', 'Water painting', '0,69m', 3, '13218.77', 0, '2020-11-24 23:00:00', '2020-11-29 21:41:08', 83, 85),
(423, 'Cardify', 'Representational', 'susan-wilkinson-fPpHF-Wiob0-unsplash.jpg', '', 'Marble', '0,58m', 4, '12479.72', NULL, '2020-08-14 07:50:14', '2020-11-29 21:53:46', 217, 17),
(424, 'Treeflex', 'Representational', 'pavel-nekoranec-8ALBNshSZTE-unsplash.jpg', '', 'Mix of styles', '1,72m', 2, '10297.40', NULL, '2020-08-29 09:46:45', '2020-11-29 21:53:46', 211, 112),
(425, 'Flowdesk', 'Abstract', 'abin-varghese-woC7_1c_kZQ-unsplash.jpg', 'Fusce posuere felis sed lacus.', 'Oil painting', '1,27m', 4, '10017.94', 0, '2020-11-05 23:00:00', '2020-11-29 21:41:08', 134, 27),
(426, 'Hatity', 'Sculpture', 'birmingham-museums-trust-XcsIjN6Ct6U-unsplash.jpg', 'Praesent blandit.', 'Water painting', '0,42m', 2, '92.97', NULL, '2020-11-13 03:29:34', '2020-11-29 21:53:46', 155, 112),
(427, 'Tin', 'Non-objective', 'birmingham-museums-trust-pxMaBQX2AIs-unsplash.jpg', '', 'Marble', '0,33m', 0, '6557.50', 0, '2020-11-26 23:00:00', '2020-11-29 21:41:08', 202, 8),
(428, 'Zamit', 'Representational', 'birmingham-museums-trust-eX9kRG0XKLo-unsplash.jpg', 'In eleifend quam a odio.', 'Mix of styles', '1,5m', 0, '4778.25', 0, '2020-11-05 23:00:00', '2020-11-29 21:41:08', 134, 33),
(429, 'Kanlam', 'Abstract', 'birmingham-museums-trust-OdtLtgajtyc-unsplash.jpg', '', 'Oil painting', '1,55m', 1, '5267.96', 0, '2020-08-29 22:00:00', '2020-11-29 21:41:08', 287, 56),
(430, 'Daltfresh', 'Sculpture', 'li-lin-7EPeTV-IW8U-unsplash.jpg', '', 'Water painting', '1,4m', 5, '13357.48', 0, '2020-11-18 23:00:00', '2020-11-29 21:41:08', 8, 189),
(431, 'Bigtax', 'Non-objective', 'birmingham-museums-trust-6fv0MEf3FUE-unsplash.jpg', '', 'Marble', '1,51m', 2, '203.55', NULL, '2020-12-07 07:14:10', '2020-11-29 21:53:46', 159, 80),
(432, 'Quo Lux', 'Representational', 'orlova-maria-bU8TeXhsPcY-unsplash.jpg', '', 'Mix of styles', '0,08m', 4, '13691.96', 0, '2020-08-29 22:00:00', '2020-11-29 21:41:08', 262, 27),
(433, 'Fintone', 'Representational', 'birmingham-museums-trust-G1Z0cIMYHVM-unsplash.jpg', 'Vestibulum sed magna at nunc commodo placerat.', 'Oil painting', '1,17m', 2, '6813.36', 0, '2020-11-14 23:00:00', '2020-11-29 21:41:08', 31, 30),
(434, 'Opela', 'Abstract', 'claire-ward-BKcuYz9IUHs-unsplash.jpg', 'Morbi non lectus.', 'Water painting', '0,14m', 1, '10577.40', 0, '2020-11-06 23:00:00', '2020-11-29 21:41:08', 168, 150),
(435, 'Lotlux', 'Sculpture', 'pavel-nekoranec-I__QKQLMIKs-unsplash.jpg', '', 'Marble', '0,71m', 0, '7660.15', 0, '2020-11-19 23:00:00', '2020-11-29 21:41:08', 240, 34),
(436, 'Mat Lam Tam', 'Non-objective', 'lawrence-makoona-UiyLwbIPGX4-unsplash.jpg', 'Duis ac nibh.', 'Mix of styles', '1,76m', 3, '7080.49', 0, '2020-11-01 23:00:00', '2020-11-29 21:41:08', 63, 198),
(437, 'Subin', 'Representational', 'visuel-colonie-PCPHbj5ICH0-unsplash.jpg', 'Nulla ac enim.', 'Oil painting', '0,17m', 5, '17247.57', NULL, '2020-08-22 22:48:41', '2020-11-29 21:53:46', 9, 94),
(438, 'Regrant', 'Abstract', 'yusuf-evli-hiY2xhfMDyY-unsplash.jpg', 'Cum sociis natoque penatibus et magnis dis parturient montes, nascetur ridiculus mus.', 'Water painting', '0,18m', 0, '16024.61', NULL, '2020-09-06 02:27:28', '2020-11-29 21:53:46', 178, 108),
(439, 'Home Ing', 'Sculpture', 'jean-marc-vieregge-Q9IGFfztBe4-unsplash.jpg', 'Aliquam augue quam, sollicitudin vitae, consectetuer eget, rutrum at, lorem.', 'Marble', '0,19m', 3, '9030.54', 0, '2020-11-01 23:00:00', '2020-11-29 21:41:08', 5, 3),
(440, 'Ronstring', 'Non-objective', 'europeana-eDlx4ePH_kQ-unsplash.jpg', 'Nam nulla.', 'Mix of styles', '1,45m', 1, '11549.30', 0, '2020-11-25 23:00:00', '2020-11-29 21:41:08', 67, 71),
(441, 'Greenlam', 'Representational', 'sharon-pittaway-N7FtpkC_P7o-unsplash.jpg', 'Aliquam augue quam, sollicitudin vitae, consectetuer eget, rutrum at, lorem.', 'Oil painting', '0,16m', 1, '7364.03', 0, '2020-11-22 23:00:00', '2020-11-29 21:41:08', 35, 28),
(442, 'Flexidy', 'Representational', 'kasturi-roy-ERzfB-_BQXQ-unsplash.jpg', '', 'Water painting', '1,75m', 1, '5617.28', 0, '2020-10-30 23:00:00', '2020-11-29 21:41:08', 49, 138),
(443, 'Ventosanzap', 'Abstract', 'jeremy-lishner-tKgcMR8saYA-unsplash.jpg', '', 'Marble', '0,6m', 3, '9147.65', 0, '2020-11-10 23:00:00', '2020-11-29 21:41:08', 99, 137),
(444, 'Sonsing', 'Sculpture', 'yue-iris-eP6jHmYsAyA-unsplash.jpg', '', 'Mix of styles', '1,41m', 4, '1286.21', NULL, '2020-11-25 17:57:53', '2020-11-29 21:53:46', 146, 153),
(445, 'Hatity', 'Non-objective', 'birmingham-museums-trust-EQuyeK1ti6s-unsplash.jpg', 'Integer tincidunt ante vel ipsum.', 'Oil painting', '1,96m', 3, '15168.43', 0, '2020-11-20 23:00:00', '2020-11-29 21:41:08', 50, 80),
(446, 'Overhold', 'Representational', 'jan-antonin-kolar-9SWhO96bFEk-unsplash.jpg', '', 'Water painting', '0,95m', 3, '268.25', 0, '2020-11-10 23:00:00', '2020-11-29 21:41:08', 229, 42),
(447, 'Biodex', 'Abstract', 'keila-hotzel-ftnO5ZpJxe8-unsplash.jpg', 'Ut at dolor quis odio consequat varius.', 'Marble', '0,69m', 1, '9704.08', NULL, '2020-08-14 15:33:35', '2020-11-29 21:53:46', 281, 121),
(448, 'Wrapsafe', 'Sculpture', 'chaewon-lee-VfhoKbFv16Y-unsplash.jpg', '', 'Mix of styles', '1,94m', 1, '16939.41', 0, '2020-11-26 23:00:00', '2020-11-29 21:41:08', 200, 38),
(449, 'Tampflex', 'Non-objective', 'clark-van-der-beken-CH0Rho6deI8-unsplash.jpg', '', 'Oil painting', '0,88m', 5, '13622.66', 0, '2020-11-18 23:00:00', '2020-11-29 21:41:08', 201, 62),
(450, 'Namfix', 'Representational', 'viktoria-svishch-ax5MIeV5mfA-unsplash.jpg', 'Vestibulum sed magna at nunc commodo placerat.', 'Water painting', '0,7m', 2, '12733.85', 0, '2020-11-09 23:00:00', '2020-11-29 21:41:08', 84, 109),
(451, 'Rank', 'Representational', 'birmingham-museums-trust-frFAJ_695DU-unsplash.jpg', '', 'Marble', '1,91m', 4, '11252.19', NULL, '2020-08-30 06:00:50', '2020-11-29 21:53:46', 3, 21),
(452, 'Temp', 'Abstract', 'dzha-CZDRMuxqKHM-unsplash.jpg', 'Morbi porttitor lorem id ligula.', 'Mix of styles', '1,15m', 0, '3034.06', 0, '2020-08-29 22:00:00', '2020-11-29 21:41:08', 251, 7),
(453, 'Stringtough', 'Sculpture', 'solen-feyissa-s_niwAd9PJ8-unsplash.jpg', 'Ut tellus.', 'Oil painting', '1,52m', 3, '187.92', 0, '2020-11-10 23:00:00', '2020-11-29 21:41:08', 21, 52),
(454, 'Span', 'Non-objective', 'birmingham-museums-trust-5ruS8plfbvM-unsplash.jpg', '', 'Water painting', '1,67m', 2, '14311.38', 0, '2020-11-21 23:00:00', '2020-11-29 21:41:08', 235, 134),
(455, 'Span', 'Representational', 'adrianna-geo-1rBg5YSi00c-unsplash.jpg', 'Praesent blandit.', 'Marble', '0,17m', 1, '8670.63', 0, '2020-11-13 23:00:00', '2020-11-29 21:41:08', 61, 56),
(456, 'Konklab', 'Abstract', 'birmingham-museums-trust-XP81dRWU90E-unsplash.jpg', 'In congue.', 'Mix of styles', '0,4m', 1, '3659.17', 0, '2020-11-05 23:00:00', '2020-11-29 21:41:08', 20, 134),
(457, 'Cardguard', 'Sculpture', 'benjamin-dehant-npjSnYgqjuQ-unsplash.jpg', 'Nunc nisl.', 'Oil painting', '0,06m', 5, '12831.41', 0, '2020-11-05 23:00:00', '2020-11-29 21:41:08', 83, 112),
(458, 'Stim', 'Non-objective', 'birmingham-museums-trust-zWE5pOLWkio-unsplash.jpg', 'Suspendisse potenti.', 'Water painting', '1,08m', 2, '18723.40', 0, '2020-08-29 22:00:00', '2020-11-29 21:41:08', 61, 146),
(459, 'Lotstring', 'Representational', 'dayee-2ZMj_aeGuNI-unsplash.jpg', 'Nulla ac enim.', 'Marble', '0,15m', 4, '10179.34', 0, '2020-11-12 23:00:00', '2020-11-29 21:41:08', 208, 166),
(460, 'Gembucket', 'Representational', 'birmingham-museums-trust-GJHAB0gxvtg-unsplash.jpg', 'Donec ut mauris eget massa tempor convallis.', 'Mix of styles', '0,35m', 0, '9442.94', 0, '2020-11-26 23:00:00', '2020-11-29 21:41:08', 97, 105),
(461, 'Wrapsafe', 'Abstract', 'visuel-colonie-PCPHbj5ICH0-unsplash.jpg', '', 'Oil painting', '0,45m', 2, '18675.75', 0, '2020-11-13 23:00:00', '2020-11-29 21:41:08', 150, 92),
(462, 'Aerified', 'Sculpture', 'british-library-b8vYa2-83pw-unsplash.jpg', '', 'Water painting', '0,79m', 2, '3325.67', NULL, '2020-11-16 09:29:57', '2020-11-29 21:53:46', 80, 172),
(463, 'Alphazap', 'Non-objective', 'adrianna-geo-1rBg5YSi00c-unsplash.jpg', '', 'Marble', '0,32m', 3, '19237.65', 0, '2020-11-02 23:00:00', '2020-11-29 21:41:08', 284, 72),
(464, 'Opela', 'Representational', 'magda-lukas-D9DpHj8n4a4-unsplash.jpg', 'Maecenas tristique, est et tempus semper, est quam pharetra magna, ac consequat metus sapien ut nunc.', 'Mix of styles', '1,29m', 3, '19507.93', 0, '2020-11-18 23:00:00', '2020-11-29 21:41:08', 29, 174),
(465, 'Tampflex', 'Abstract', 'solen-feyissa-s_niwAd9PJ8-unsplash.jpg', 'Quisque erat eros, viverra eget, congue eget, semper rutrum, nulla.', 'Oil painting', '0,57m', 0, '10118.89', 0, '2020-08-29 22:00:00', '2020-11-29 21:41:08', 212, 68),
(466, 'Domainer', 'Sculpture', 'british-library-P9LLPWNrV88-unsplash.jpg', 'Aliquam non mauris.', 'Water painting', '1,71m', 5, '1027.77', 0, '2020-08-29 22:00:00', '2020-11-29 21:41:08', 146, 14),
(467, 'Y-find', 'Non-objective', 'kanwardeep-kaur-0-VvBHdQpqM-unsplash.jpg', '', 'Marble', '0,51m', 5, '19519.04', 0, '2020-11-12 23:00:00', '2020-11-29 21:41:08', 224, 174),
(468, 'Hatity', 'Representational', 'lawrence-makoona-UiyLwbIPGX4-unsplash.jpg', '', 'Mix of styles', '0,4m', 0, '16510.96', 0, '2020-11-15 23:00:00', '2020-11-29 21:41:08', 139, 157),
(469, 'Overhold', 'Representational', 'birmingham-museums-trust-5ruS8plfbvM-unsplash.jpg', '', 'Oil painting', '1,96m', 1, '18623.76', NULL, '2020-12-21 00:33:51', '2020-11-29 21:53:46', 182, 187),
(470, 'Aerified', 'Abstract', 'lisa-li-lB6LecQ_ohw-unsplash.jpg', 'Quisque id justo sit amet sapien dignissim vestibulum.', 'Water painting', '0,12m', 1, '8647.42', 0, '2020-11-17 23:00:00', '2020-11-29 21:41:08', 166, 85),
(471, 'Duobam', 'Sculpture', 'monica-dahiya-ByjphQkZYRM-unsplash.jpg', 'Praesent lectus.', 'Marble', '1,21m', 4, '7888.26', 0, '2020-11-06 23:00:00', '2020-11-29 21:41:08', 214, 64),
(472, 'Trippledex', 'Non-objective', 'meric-dagli-3KJpF86nR4c-unsplash.jpg', '', 'Mix of styles', '0,52m', 2, '3179.40', NULL, '2020-10-20 19:25:58', '2020-11-29 21:53:46', 257, 160),
(473, 'Alpha', 'Representational', 'susan-wilkinson-z7ktPMBH96I-unsplash.jpg', '', 'Oil painting', '1,22m', 4, '3028.67', 0, '2020-11-08 23:00:00', '2020-11-29 21:41:08', 220, 119),
(474, 'Cookley', 'Abstract', 'jean-philippe-delberghe-75xPHEQBmvA-unsplash.jpg', 'Praesent id massa id nisl venenatis lacinia.', 'Water painting', '1,8m', 4, '4631.15', 0, '2020-11-13 23:00:00', '2020-11-29 21:41:08', 102, 90),
(475, 'Zoolab', 'Sculpture', 'europeana-EPo8Az8no8s-unsplash.jpg', 'Sed vel enim sit amet nunc viverra dapibus.', 'Marble', '1,98m', 3, '17315.14', NULL, '2020-12-13 17:34:51', '2020-11-29 21:53:46', 41, 138),
(476, 'Subin', 'Non-objective', 'daniel-olah-pCcGpVsOHoo-unsplash.jpg', '', 'Mix of styles', '0,24m', 2, '13827.45', 0, '2020-11-02 23:00:00', '2020-11-29 21:41:08', 57, 10),
(477, 'Gembucket', 'Representational', 'british-library-Qa6Avl3xZ_M-unsplash.jpg', 'Aliquam non mauris.', 'Oil painting', '1,7m', 2, '4295.68', 0, '2020-11-05 23:00:00', '2020-11-29 21:41:08', 61, 18),
(478, 'Sub-Ex', 'Representational', 'birmingham-museums-trust-XcsIjN6Ct6U-unsplash.jpg', 'Integer aliquet, massa id lobortis convallis, tortor risus dapibus augue, vel accumsan tellus nisi eu orci.', 'Water painting', '1,26m', 0, '919.91', 0, '2020-11-05 23:00:00', '2020-11-29 21:41:08', 217, 149);
INSERT INTO `art` (`ID`, `Name`, `Category`, `Image`, `Description`, `Type`, `Size`, `Quantity`, `Price`, `Review`, `CreationDate`, `LastUpdate`, `ArtistID`, `UserID`) VALUES
(479, 'Fix San', 'Abstract', 'toa-heftiba-RXzHcftIdYU-unsplash.jpg', '', 'Marble', '1,2m', 1, '18481.47', 0, '2020-11-13 23:00:00', '2020-11-29 21:41:08', 172, 121),
(480, 'Opela', 'Sculpture', 'the-bud-box-singapore-K2bDPiWams0-unsplash.jpg', 'Nunc rhoncus dui vel sem.', 'Mix of styles', '1,74m', 0, '9528.59', 0, '2020-11-07 23:00:00', '2020-11-29 21:41:08', 87, 165);

-- --------------------------------------------------------

--
-- Table structure for table `artist`
--

CREATE TABLE `artist` (
  `ID` int(11) NOT NULL,
  `Name` varchar(255) NOT NULL,
  `Bio` longtext
) ENGINE=InnoDB DEFAULT CHARSET=utf8;

--
-- Dumping data for table `artist`
--

INSERT INTO `artist` (`ID`, `Name`, `Bio`) VALUES
(1, 'Connie Douglas', 'Aliquam quis turpis eget elit sodales scelerisque. Mauris sit amet eros. Suspendisse accumsan tortor quis turpis.'),
(2, 'Fiona Russell', ''),
(3, 'Eric Perry', 'Quisque id justo sit amet sapien dignissim vestibulum. Vestibulum ante ipsum primis in faucibus orci luctus et ultrices posuere cubilia Curae; Nulla dapibus dolor vel est. Donec odio justo, sollicitudin ut, suscipit a, feugiat et, eros.'),
(4, 'Miller Robinson', ''),
(5, 'Dexter Higgins', 'Mauris enim leo, rhoncus sed, vestibulum sit amet, cursus id, turpis. Integer aliquet, massa id lobortis convallis, tortor risus dapibus augue, vel accumsan tellus nisi eu orci. Mauris lacinia sapien quis libero.'),
(6, 'Cadie Jones', ''),
(7, 'Deanna Miller', 'Maecenas tristique, est et tempus semper, est quam pharetra magna, ac consequat metus sapien ut nunc. Vestibulum ante ipsum primis in faucibus orci luctus et ultrices posuere cubilia Curae; Mauris viverra diam vitae quam. Suspendisse potenti.'),
(8, 'George Turner', ''),
(9, 'Chloe Chapman', ''),
(10, 'Jack Robinson', ''),
(11, 'Tyler Ferguson', ''),
(12, 'Arthur Edwards', ''),
(13, 'Amber Higgins', 'Vestibulum quam sapien, varius ut, blandit non, interdum in, ante. Vestibulum ante ipsum primis in faucibus orci luctus et ultrices posuere cubilia Curae; Duis faucibus accumsan odio. Curabitur convallis.'),
(14, 'Adrian Stewart', ''),
(15, 'Thomas Craig', 'Quisque porta volutpat erat. Quisque erat eros, viverra eget, congue eget, semper rutrum, nulla. Nunc purus.'),
(16, 'Darcy Wells', ''),
(17, 'Henry Grant', ''),
(18, 'Jasmine Crawford', ''),
(19, 'Clark Taylor', ''),
(20, 'Leonardo Thompson', 'In quis justo. Maecenas rhoncus aliquam lacus. Morbi quis tortor id nulla ultrices aliquet.'),
(21, 'Alberta Barnes', 'Sed ante. Vivamus tortor. Duis mattis egestas metus.'),
(22, 'Maria Murphy', 'Etiam vel augue. Vestibulum rutrum rutrum neque. Aenean auctor gravida sem.'),
(23, 'Patrick Thomas', ''),
(24, 'Lucy Martin', ''),
(25, 'Lucas Bailey', 'Lorem ipsum dolor sit amet, consectetuer adipiscing elit. Proin risus. Praesent lectus.'),
(26, 'Tony Russell', 'Nulla ut erat id mauris vulputate elementum. Nullam varius. Nulla facilisi.'),
(27, 'Arianna Carter', 'Fusce consequat. Nulla nisl. Nunc nisl.'),
(28, 'Byron Gibson', ''),
(29, 'Lana Armstrong', 'Cras non velit nec nisi vulputate nonummy. Maecenas tincidunt lacus at velit. Vivamus vel nulla eget eros elementum pellentesque.'),
(30, 'Brianna Cameron', 'In sagittis dui vel nisl. Duis ac nibh. Fusce lacus purus, aliquet at, feugiat non, pretium quis, lectus.'),
(31, 'Mike Ellis', 'Fusce posuere felis sed lacus. Morbi sem mauris, laoreet ut, rhoncus aliquet, pulvinar sed, nisl. Nunc rhoncus dui vel sem.'),
(32, 'Aiden Barnes', 'Curabitur at ipsum ac tellus semper interdum. Mauris ullamcorper purus sit amet nulla. Quisque arcu libero, rutrum ac, lobortis vel, dapibus at, diam.'),
(33, 'Melanie Carroll', ''),
(34, 'Jared Craig', ''),
(35, 'Lucia Taylor', 'Quisque id justo sit amet sapien dignissim vestibulum. Vestibulum ante ipsum primis in faucibus orci luctus et ultrices posuere cubilia Curae; Nulla dapibus dolor vel est. Donec odio justo, sollicitudin ut, suscipit a, feugiat et, eros.'),
(36, 'Sam Tucker', ''),
(37, 'Sienna Roberts', 'Maecenas leo odio, condimentum id, luctus nec, molestie sed, justo. Pellentesque viverra pede ac diam. Cras pellentesque volutpat dui.'),
(38, 'Bruce Bailey', 'Morbi non lectus. Aliquam sit amet diam in magna bibendum imperdiet. Nullam orci pede, venenatis non, sodales sed, tincidunt eu, felis.'),
(39, 'Aida Gray', ''),
(40, 'Arnold Douglas', 'Morbi porttitor lorem id ligula. Suspendisse ornare consequat lectus. In est risus, auctor sed, tristique in, tempus sit amet, sem.'),
(41, 'Catherine Wells', ''),
(42, 'Joyce Henderson', ''),
(43, 'Cherry Carter', ''),
(44, 'Henry Watson', ''),
(45, 'Sofia Anderson', ''),
(46, 'Tony Ferguson', ''),
(47, 'Kellan Stewart', ''),
(48, 'Richard Sullivan', 'Mauris enim leo, rhoncus sed, vestibulum sit amet, cursus id, turpis. Integer aliquet, massa id lobortis convallis, tortor risus dapibus augue, vel accumsan tellus nisi eu orci. Mauris lacinia sapien quis libero.'),
(49, 'Aida Tucker', ''),
(50, 'Miranda Hawkins', 'Proin eu mi. Nulla ac enim. In tempor, turpis nec euismod scelerisque, quam turpis adipiscing lorem, vitae mattis nibh ligula nec sem.'),
(51, 'Elian Tucker', 'In sagittis dui vel nisl. Duis ac nibh. Fusce lacus purus, aliquet at, feugiat non, pretium quis, lectus.'),
(52, 'Victoria Campbell', 'Maecenas tristique, est et tempus semper, est quam pharetra magna, ac consequat metus sapien ut nunc. Vestibulum ante ipsum primis in faucibus orci luctus et ultrices posuere cubilia Curae; Mauris viverra diam vitae quam. Suspendisse potenti.'),
(53, 'Annabella Phillips', ''),
(54, 'Sawyer Higgins', 'Pellentesque at nulla. Suspendisse potenti. Cras in purus eu magna vulputate luctus.'),
(55, 'Jacob Casey', 'Aliquam quis turpis eget elit sodales scelerisque. Mauris sit amet eros. Suspendisse accumsan tortor quis turpis.'),
(56, 'Eric Andrews', 'Mauris enim leo, rhoncus sed, vestibulum sit amet, cursus id, turpis. Integer aliquet, massa id lobortis convallis, tortor risus dapibus augue, vel accumsan tellus nisi eu orci. Mauris lacinia sapien quis libero.'),
(57, 'Chester Hill', 'Etiam vel augue. Vestibulum rutrum rutrum neque. Aenean auctor gravida sem.'),
(58, 'Lucas Ross', 'Duis bibendum. Morbi non quam nec dui luctus rutrum. Nulla tellus.'),
(59, 'Stella Brooks', ''),
(60, 'Cadie Anderson', ''),
(61, 'Alexia Grant', ''),
(62, 'Ellia Harrison', ''),
(63, 'Darcy Higgins', 'Cras non velit nec nisi vulputate nonummy. Maecenas tincidunt lacus at velit. Vivamus vel nulla eget eros elementum pellentesque.'),
(64, 'Alan Cunningham', ''),
(65, 'Agata Campbell', 'Sed sagittis. Nam congue, risus semper porta volutpat, quam pede lobortis ligula, sit amet eleifend pede libero quis orci. Nullam molestie nibh in lectus.'),
(66, 'Adrianna Howard', 'Phasellus sit amet erat. Nulla tempus. Vivamus in felis eu sapien cursus vestibulum.'),
(67, 'Evelyn Moore', ''),
(68, 'Olivia Grant', ''),
(69, 'Victoria Gibson', ''),
(70, 'Myra Farrell', ''),
(71, 'Oliver Tucker', 'Curabitur at ipsum ac tellus semper interdum. Mauris ullamcorper purus sit amet nulla. Quisque arcu libero, rutrum ac, lobortis vel, dapibus at, diam.'),
(72, 'Sophia Moore', 'Cum sociis natoque penatibus et magnis dis parturient montes, nascetur ridiculus mus. Vivamus vestibulum sagittis sapien. Cum sociis natoque penatibus et magnis dis parturient montes, nascetur ridiculus mus.'),
(73, 'Aida Barrett', 'Phasellus in felis. Donec semper sapien a libero. Nam dui.'),
(74, 'Gianna Thomas', 'Phasellus sit amet erat. Nulla tempus. Vivamus in felis eu sapien cursus vestibulum.'),
(75, 'Vanessa Barrett', 'In congue. Etiam justo. Etiam pretium iaculis justo.'),
(76, 'Lucia Henderson', ''),
(77, 'Madaline Ellis', ''),
(78, 'Melanie Scott', ''),
(79, 'Abraham Cameron', ''),
(80, 'Ashton Bennett', ''),
(81, 'Jenna Adams', ''),
(82, 'Daryl Martin', 'Proin interdum mauris non ligula pellentesque ultrices. Phasellus id sapien in sapien iaculis congue. Vivamus metus arcu, adipiscing molestie, hendrerit at, vulputate vitae, nisl.'),
(83, 'Victor Russell', 'Sed sagittis. Nam congue, risus semper porta volutpat, quam pede lobortis ligula, sit amet eleifend pede libero quis orci. Nullam molestie nibh in lectus.'),
(84, 'Lilianna Davis', 'In sagittis dui vel nisl. Duis ac nibh. Fusce lacus purus, aliquet at, feugiat non, pretium quis, lectus.'),
(85, 'Annabella Thomas', ''),
(86, 'Marcus Hill', 'Quisque id justo sit amet sapien dignissim vestibulum. Vestibulum ante ipsum primis in faucibus orci luctus et ultrices posuere cubilia Curae; Nulla dapibus dolor vel est. Donec odio justo, sollicitudin ut, suscipit a, feugiat et, eros.'),
(87, 'Edgar Wells', 'Quisque id justo sit amet sapien dignissim vestibulum. Vestibulum ante ipsum primis in faucibus orci luctus et ultrices posuere cubilia Curae; Nulla dapibus dolor vel est. Donec odio justo, sollicitudin ut, suscipit a, feugiat et, eros.'),
(88, 'Tony Wilson', ''),
(89, 'Natalie Baker', ''),
(90, 'Haris Miller', 'Duis bibendum, felis sed interdum venenatis, turpis enim blandit mi, in porttitor pede justo eu massa. Donec dapibus. Duis at velit eu est congue elementum.'),
(91, 'Amelia Brown', 'In hac habitasse platea dictumst. Morbi vestibulum, velit id pretium iaculis, diam erat fermentum justo, nec condimentum neque sapien placerat ante. Nulla justo.'),
(92, 'Jack Brooks', 'Duis consequat dui nec nisi volutpat eleifend. Donec ut dolor. Morbi vel lectus in quam fringilla rhoncus.'),
(93, 'Hailey Taylor', 'Praesent blandit. Nam nulla. Integer pede justo, lacinia eget, tincidunt eget, tempus vel, pede.'),
(94, 'Sofia Kelley', 'Pellentesque at nulla. Suspendisse potenti. Cras in purus eu magna vulputate luctus.'),
(95, 'Evelyn Hamilton', ''),
(96, 'Lana Anderson', 'Suspendisse potenti. In eleifend quam a odio. In hac habitasse platea dictumst.'),
(97, 'Derek Myers', 'Quisque porta volutpat erat. Quisque erat eros, viverra eget, congue eget, semper rutrum, nulla. Nunc purus.'),
(98, 'Joyce Payne', ''),
(99, 'Alford West', 'Sed sagittis. Nam congue, risus semper porta volutpat, quam pede lobortis ligula, sit amet eleifend pede libero quis orci. Nullam molestie nibh in lectus.'),
(100, 'Camila Alexander', ''),
(101, 'Valeria Roberts', 'Morbi porttitor lorem id ligula. Suspendisse ornare consequat lectus. In est risus, auctor sed, tristique in, tempus sit amet, sem.'),
(102, 'Mike Tucker', 'Lorem ipsum dolor sit amet, consectetuer adipiscing elit. Proin risus. Praesent lectus.'),
(103, 'Arnold Cameron', 'Duis aliquam convallis nunc. Proin at turpis a pede posuere nonummy. Integer non velit.'),
(104, 'Catherine Anderson', 'Proin eu mi. Nulla ac enim. In tempor, turpis nec euismod scelerisque, quam turpis adipiscing lorem, vitae mattis nibh ligula nec sem.'),
(105, 'Fiona Reed', 'Etiam vel augue. Vestibulum rutrum rutrum neque. Aenean auctor gravida sem.'),
(106, 'Alfred Murray', 'Aenean fermentum. Donec ut mauris eget massa tempor convallis. Nulla neque libero, convallis eget, eleifend luctus, ultricies eu, nibh.'),
(107, 'Rosie Higgins', ''),
(108, 'Kelsey Baker', ''),
(109, 'Alisa Perry', 'Integer ac leo. Pellentesque ultrices mattis odio. Donec vitae nisi.'),
(110, 'Adison Bailey', ''),
(111, 'Martin West', ''),
(112, 'Savana Anderson', 'Cum sociis natoque penatibus et magnis dis parturient montes, nascetur ridiculus mus. Vivamus vestibulum sagittis sapien. Cum sociis natoque penatibus et magnis dis parturient montes, nascetur ridiculus mus.'),
(113, 'Eleanor Hill', ''),
(114, 'Paige Carroll', 'Morbi non lectus. Aliquam sit amet diam in magna bibendum imperdiet. Nullam orci pede, venenatis non, sodales sed, tincidunt eu, felis.'),
(115, 'Amanda Morris', 'Duis aliquam convallis nunc. Proin at turpis a pede posuere nonummy. Integer non velit.'),
(116, 'Ryan Scott', 'Aenean lectus. Pellentesque eget nunc. Donec quis orci eget orci vehicula condimentum.'),
(117, 'Miranda Edwards', ''),
(118, 'Sam Roberts', ''),
(119, 'Rubie Tucker', 'Phasellus in felis. Donec semper sapien a libero. Nam dui.'),
(120, 'Lana Sullivan', ''),
(121, 'Rubie Williams', 'Sed ante. Vivamus tortor. Duis mattis egestas metus.'),
(122, 'Maria Foster', ''),
(123, 'Jasmine Campbell', 'Aenean fermentum. Donec ut mauris eget massa tempor convallis. Nulla neque libero, convallis eget, eleifend luctus, ultricies eu, nibh.'),
(124, 'Kirsten Barnes', ''),
(125, 'Kirsten Baker', 'In hac habitasse platea dictumst. Etiam faucibus cursus urna. Ut tellus.'),
(126, 'Patrick Payne', 'Duis bibendum. Morbi non quam nec dui luctus rutrum. Nulla tellus.'),
(127, 'Maya Hunt', 'Aliquam quis turpis eget elit sodales scelerisque. Mauris sit amet eros. Suspendisse accumsan tortor quis turpis.'),
(128, 'Tyler Bennett', ''),
(129, 'Lily Clark', 'Maecenas tristique, est et tempus semper, est quam pharetra magna, ac consequat metus sapien ut nunc. Vestibulum ante ipsum primis in faucibus orci luctus et ultrices posuere cubilia Curae; Mauris viverra diam vitae quam. Suspendisse potenti.'),
(130, 'Frederick Henderson', 'Etiam vel augue. Vestibulum rutrum rutrum neque. Aenean auctor gravida sem.'),
(131, 'Aldus Mitchell', 'Fusce consequat. Nulla nisl. Nunc nisl.'),
(132, 'Alford Mitchell', 'In congue. Etiam justo. Etiam pretium iaculis justo.'),
(133, 'Adison Morgan', ''),
(134, 'Arnold Craig', ''),
(135, 'Edith West', ''),
(136, 'Heather Tucker', ''),
(137, 'Sarah Tucker', 'Curabitur gravida nisi at nibh. In hac habitasse platea dictumst. Aliquam augue quam, sollicitudin vitae, consectetuer eget, rutrum at, lorem.'),
(138, 'Brooke Murray', ''),
(139, 'Carina Mitchell', 'Cras non velit nec nisi vulputate nonummy. Maecenas tincidunt lacus at velit. Vivamus vel nulla eget eros elementum pellentesque.'),
(140, 'Gianna Elliott', ''),
(141, 'Bruce Richards', 'Maecenas ut massa quis augue luctus tincidunt. Nulla mollis molestie lorem. Quisque ut erat.'),
(142, 'Aida Barnes', ''),
(143, 'James Higgins', ''),
(144, 'Dainton Hunt', ''),
(145, 'Maximilian Hill', 'Maecenas ut massa quis augue luctus tincidunt. Nulla mollis molestie lorem. Quisque ut erat.'),
(146, 'Vincent Wells', 'Morbi non lectus. Aliquam sit amet diam in magna bibendum imperdiet. Nullam orci pede, venenatis non, sodales sed, tincidunt eu, felis.'),
(147, 'Reid Harper', 'Praesent blandit. Nam nulla. Integer pede justo, lacinia eget, tincidunt eget, tempus vel, pede.'),
(148, 'Adrian Jones', ''),
(149, 'Alen Adams', ''),
(150, 'Sofia Cooper', ''),
(151, 'Amy Stewart', ''),
(152, 'Florrie Bailey', ''),
(153, 'Roman Thomas', 'Fusce consequat. Nulla nisl. Nunc nisl.'),
(154, 'Briony Moore', 'Quisque porta volutpat erat. Quisque erat eros, viverra eget, congue eget, semper rutrum, nulla. Nunc purus.'),
(155, 'Miller Warren', 'Etiam vel augue. Vestibulum rutrum rutrum neque. Aenean auctor gravida sem.'),
(156, 'Tess Parker', ''),
(157, 'Arnold Hunt', ''),
(158, 'Madaline Campbell', ''),
(159, 'Agata Moore', 'In hac habitasse platea dictumst. Morbi vestibulum, velit id pretium iaculis, diam erat fermentum justo, nec condimentum neque sapien placerat ante. Nulla justo.'),
(160, 'Melanie Perry', 'Nullam sit amet turpis elementum ligula vehicula consequat. Morbi a ipsum. Integer a nibh.'),
(161, 'David Roberts', 'Integer tincidunt ante vel ipsum. Praesent blandit lacinia erat. Vestibulum sed magna at nunc commodo placerat.'),
(162, 'Kirsten Bailey', 'Aliquam quis turpis eget elit sodales scelerisque. Mauris sit amet eros. Suspendisse accumsan tortor quis turpis.'),
(163, 'Elise Brown', 'Aenean fermentum. Donec ut mauris eget massa tempor convallis. Nulla neque libero, convallis eget, eleifend luctus, ultricies eu, nibh.'),
(164, 'Mary Cooper', ''),
(165, 'Luke Adams', ''),
(166, 'Lucas Owens', ''),
(167, 'Michael Murphy', 'Cum sociis natoque penatibus et magnis dis parturient montes, nascetur ridiculus mus. Vivamus vestibulum sagittis sapien. Cum sociis natoque penatibus et magnis dis parturient montes, nascetur ridiculus mus.'),
(168, 'Edward Miller', 'In sagittis dui vel nisl. Duis ac nibh. Fusce lacus purus, aliquet at, feugiat non, pretium quis, lectus.'),
(169, 'Belinda Gibson', ''),
(170, 'Sienna Wells', ''),
(171, 'Edith Sullivan', 'Nullam sit amet turpis elementum ligula vehicula consequat. Morbi a ipsum. Integer a nibh.'),
(172, 'Alisa Carroll', 'In hac habitasse platea dictumst. Morbi vestibulum, velit id pretium iaculis, diam erat fermentum justo, nec condimentum neque sapien placerat ante. Nulla justo.'),
(173, 'Sabrina Turner', ''),
(174, 'Alberta Brown', ''),
(175, 'Adam Lloyd', 'Curabitur at ipsum ac tellus semper interdum. Mauris ullamcorper purus sit amet nulla. Quisque arcu libero, rutrum ac, lobortis vel, dapibus at, diam.'),
(176, 'Aiden Dixon', 'Etiam vel augue. Vestibulum rutrum rutrum neque. Aenean auctor gravida sem.'),
(177, 'Maximilian Morrison', ''),
(178, 'Jenna Cooper', 'Integer tincidunt ante vel ipsum. Praesent blandit lacinia erat. Vestibulum sed magna at nunc commodo placerat.'),
(179, 'Daisy Perkins', ''),
(180, 'Rebecca Carter', ''),
(181, 'April Payne', 'In hac habitasse platea dictumst. Morbi vestibulum, velit id pretium iaculis, diam erat fermentum justo, nec condimentum neque sapien placerat ante. Nulla justo.'),
(182, 'Elian Alexander', 'Morbi porttitor lorem id ligula. Suspendisse ornare consequat lectus. In est risus, auctor sed, tristique in, tempus sit amet, sem.'),
(183, 'Amanda Thompson', 'Praesent id massa id nisl venenatis lacinia. Aenean sit amet justo. Morbi ut odio.'),
(184, 'Michelle Riley', ''),
(185, 'Camila Mason', ''),
(186, 'Frederick Wells', 'Duis aliquam convallis nunc. Proin at turpis a pede posuere nonummy. Integer non velit.'),
(187, 'Freddie Holmes', 'Fusce consequat. Nulla nisl. Nunc nisl.'),
(188, 'Eleanor Miller', ''),
(189, 'Kristian Mitchell', 'Phasellus sit amet erat. Nulla tempus. Vivamus in felis eu sapien cursus vestibulum.'),
(190, 'Caroline Campbell', 'Proin eu mi. Nulla ac enim. In tempor, turpis nec euismod scelerisque, quam turpis adipiscing lorem, vitae mattis nibh ligula nec sem.'),
(191, 'Cadie Adams', 'Duis bibendum, felis sed interdum venenatis, turpis enim blandit mi, in porttitor pede justo eu massa. Donec dapibus. Duis at velit eu est congue elementum.'),
(192, 'Miley Turner', ''),
(193, 'Roman Hall', 'Donec diam neque, vestibulum eget, vulputate ut, ultrices vel, augue. Vestibulum ante ipsum primis in faucibus orci luctus et ultrices posuere cubilia Curae; Donec pharetra, magna vestibulum aliquet ultrices, erat tortor sollicitudin mi, sit amet lobortis sapien sapien non mi. Integer ac neque.'),
(194, 'Maya Jones', ''),
(195, 'Tess Watson', ''),
(196, 'Lyndon Gibson', 'Fusce posuere felis sed lacus. Morbi sem mauris, laoreet ut, rhoncus aliquet, pulvinar sed, nisl. Nunc rhoncus dui vel sem.'),
(197, 'Charlotte Hall', ''),
(198, 'Grace Turner', 'In sagittis dui vel nisl. Duis ac nibh. Fusce lacus purus, aliquet at, feugiat non, pretium quis, lectus.'),
(199, 'Natalie Henderson', 'Proin leo odio, porttitor id, consequat in, consequat ut, nulla. Sed accumsan felis. Ut at dolor quis odio consequat varius.'),
(200, 'James Carter', 'Duis bibendum, felis sed interdum venenatis, turpis enim blandit mi, in porttitor pede justo eu massa. Donec dapibus. Duis at velit eu est congue elementum.'),
(201, 'Flicie West', 'Duis bibendum. Morbi non quam nec dui luctus rutrum. Nulla tellus.'),
(202, 'Nomie Anderson', 'Curabitur at ipsum ac tellus semper interdum. Mauris ullamcorper purus sit amet nulla. Quisque arcu libero, rutrum ac, lobortis vel, dapibus at, diam.'),
(203, 'Dafne Hill', ''),
(204, 'Slne Carroll', 'Maecenas tristique, est et tempus semper, est quam pharetra magna, ac consequat metus sapien ut nunc. Vestibulum ante ipsum primis in faucibus orci luctus et ultrices posuere cubilia Curae; Mauris viverra diam vitae quam. Suspendisse potenti.'),
(205, 'Sng Morris', ''),
(206, 'Malis Scott', 'Nulla ut erat id mauris vulputate elementum. Nullam varius. Nulla facilisi.'),
(207, 'Lala Edwards', 'Maecenas ut massa quis augue luctus tincidunt. Nulla mollis molestie lorem. Quisque ut erat.'),
(208, 'Mline Roberts', ''),
(209, 'Ela Tucker', ''),
(210, 'Stphanie Sullivan', 'Duis bibendum. Morbi non quam nec dui luctus rutrum. Nulla tellus.'),
(211, 'Adlade Williams', ''),
(212, 'Laurna Foster', 'Proin leo odio, porttitor id, consequat in, consequat ut, nulla. Sed accumsan felis. Ut at dolor quis odio consequat varius.'),
(213, 'Bcassine Campbell', 'Sed sagittis. Nam congue, risus semper porta volutpat, quam pede lobortis ligula, sit amet eleifend pede libero quis orci. Nullam molestie nibh in lectus.'),
(214, 'Dafne Barnes', ''),
(215, 'Lonie Baker', ''),
(216, 'Michle Payne', ''),
(217, 'Marie-jose Hunt', ''),
(218, 'Maly Bennett', ''),
(219, 'Salom Clark', ''),
(220, 'Magdalne Henderson', ''),
(221, 'Y Mitchell', ''),
(222, 'Genevive Mitchell', ''),
(223, 'Malle Morgan', 'Phasellus in felis. Donec semper sapien a libero. Nam dui.'),
(224, 'Vnus Craig', 'Suspendisse potenti. In eleifend quam a odio. In hac habitasse platea dictumst.'),
(225, 'Clo West', 'Duis aliquam convallis nunc. Proin at turpis a pede posuere nonummy. Integer non velit.'),
(226, 'Malla Tucker', 'Maecenas ut massa quis augue luctus tincidunt. Nulla mollis molestie lorem. Quisque ut erat.'),
(227, 'Magdalne Tucker', ''),
(228, 'Lysa Murray', 'Curabitur gravida nisi at nibh. In hac habitasse platea dictumst. Aliquam augue quam, sollicitudin vitae, consectetuer eget, rutrum at, lorem.'),
(229, 'Graldine Mitchell', ''),
(230, 'Ynora Elliott', ''),
(231, 'D Richards', 'Aenean fermentum. Donec ut mauris eget massa tempor convallis. Nulla neque libero, convallis eget, eleifend luctus, ultricies eu, nibh.'),
(232, 'Elonore Barnes', 'Cras mi pede, malesuada in, imperdiet et, commodo vulputate, justo. In blandit ultrices enim. Lorem ipsum dolor sit amet, consectetuer adipiscing elit.'),
(233, 'Malle Higgins', ''),
(234, 'Audranne Hunt', ''),
(235, 'Frdrique Hill', ''),
(236, 'Plagie Wells', 'Fusce posuere felis sed lacus. Morbi sem mauris, laoreet ut, rhoncus aliquet, pulvinar sed, nisl. Nunc rhoncus dui vel sem.'),
(237, 'Annots Harper', 'Cras non velit nec nisi vulputate nonummy. Maecenas tincidunt lacus at velit. Vivamus vel nulla eget eros elementum pellentesque.'),
(238, 'Publicit Jones', 'Suspendisse potenti. In eleifend quam a odio. In hac habitasse platea dictumst.'),
(239, 'Cungonde Adams', 'Aenean lectus. Pellentesque eget nunc. Donec quis orci eget orci vehicula condimentum.'),
(240, 'Lone Cooper', ''),
(241, 'Alize Stewart', ''),
(242, 'Laurne Bailey', ''),
(243, 'Mlys Thomas', 'Integer tincidunt ante vel ipsum. Praesent blandit lacinia erat. Vestibulum sed magna at nunc commodo placerat.'),
(244, 'Loca Moore', 'Aenean fermentum. Donec ut mauris eget massa tempor convallis. Nulla neque libero, convallis eget, eleifend luctus, ultricies eu, nibh.'),
(245, 'Ln Warren', 'Fusce posuere felis sed lacus. Morbi sem mauris, laoreet ut, rhoncus aliquet, pulvinar sed, nisl. Nunc rhoncus dui vel sem.'),
(246, 'Styrbjrn Parker', 'Vestibulum quam sapien, varius ut, blandit non, interdum in, ante. Vestibulum ante ipsum primis in faucibus orci luctus et ultrices posuere cubilia Curae; Duis faucibus accumsan odio. Curabitur convallis.'),
(247, 'Mat Hunt', 'Vestibulum ac est lacinia nisi venenatis tristique. Fusce congue, diam id ornare imperdiet, sapien urna pretium nisl, ut volutpat sapien arcu sed augue. Aliquam erat volutpat.'),
(248, 'Malle Campbell', ''),
(249, 'Malyss Moore', 'Lorem ipsum dolor sit amet, consectetuer adipiscing elit. Proin risus. Praesent lectus.'),
(250, 'Mlinda Perry', 'Integer tincidunt ante vel ipsum. Praesent blandit lacinia erat. Vestibulum sed magna at nunc commodo placerat.'),
(251, 'Ku Roberts', 'Nullam sit amet turpis elementum ligula vehicula consequat. Morbi a ipsum. Integer a nibh.'),
(252, 'Graldine Bailey', 'Proin eu mi. Nulla ac enim. In tempor, turpis nec euismod scelerisque, quam turpis adipiscing lorem, vitae mattis nibh ligula nec sem.'),
(253, 'Ro Brown', ''),
(254, 'Srna Cooper', 'In hac habitasse platea dictumst. Etiam faucibus cursus urna. Ut tellus.'),
(255, 'Batrice Adams', ''),
(256, 'Slne Owens', 'Duis bibendum. Morbi non quam nec dui luctus rutrum. Nulla tellus.'),
(257, 'Mghane Murphy', ''),
(258, 'Andre Miller', 'Aliquam quis turpis eget elit sodales scelerisque. Mauris sit amet eros. Suspendisse accumsan tortor quis turpis.'),
(259, 'Tng Gibson', 'Phasellus in felis. Donec semper sapien a libero. Nam dui.'),
(260, 'Malis Wells', ''),
(261, 'Mryl Sullivan', ''),
(262, 'Rjane Carroll', ''),
(263, 'Maline Turner', 'Nullam porttitor lacus at turpis. Donec posuere metus vitae ipsum. Aliquam non mauris.'),
(264, 'Rservs Brown', 'Quisque porta volutpat erat. Quisque erat eros, viverra eget, congue eget, semper rutrum, nulla. Nunc purus.'),
(265, 'Marie-jose Lloyd', ''),
(266, 'Aime Dixon', ''),
(267, 'Alize Morrison', ''),
(268, 'Vrane Cooper', 'Etiam vel augue. Vestibulum rutrum rutrum neque. Aenean auctor gravida sem.'),
(269, 'Chlo Perkins', ''),
(270, 'Mline Carter', ''),
(271, 'Dafne Payne', ''),
(272, 'Malys Alexander', 'Praesent blandit. Nam nulla. Integer pede justo, lacinia eget, tincidunt eget, tempus vel, pede.'),
(273, 'Gisle Thompson', 'Morbi non lectus. Aliquam sit amet diam in magna bibendum imperdiet. Nullam orci pede, venenatis non, sodales sed, tincidunt eu, felis.'),
(274, 'Malle Riley', ''),
(275, 'Clestine Mason', ''),
(276, 'Vnus Wells', 'Donec diam neque, vestibulum eget, vulputate ut, ultrices vel, augue. Vestibulum ante ipsum primis in faucibus orci luctus et ultrices posuere cubilia Curae; Donec pharetra, magna vestibulum aliquet ultrices, erat tortor sollicitudin mi, sit amet lobortis sapien sapien non mi. Integer ac neque.'),
(277, 'Cinma Holmes', ''),
(278, 'Jose Miller', 'Donec diam neque, vestibulum eget, vulputate ut, ultrices vel, augue. Vestibulum ante ipsum primis in faucibus orci luctus et ultrices posuere cubilia Curae; Donec pharetra, magna vestibulum aliquet ultrices, erat tortor sollicitudin mi, sit amet lobortis sapien sapien non mi. Integer ac neque.'),
(279, 'Cllia Mitchell', ''),
(280, 'Audranne Campbell', 'In hac habitasse platea dictumst. Morbi vestibulum, velit id pretium iaculis, diam erat fermentum justo, nec condimentum neque sapien placerat ante. Nulla justo.'),
(281, 'Ln Adams', 'Aliquam quis turpis eget elit sodales scelerisque. Mauris sit amet eros. Suspendisse accumsan tortor quis turpis.'),
(282, 'Brnice Turner', ''),
(283, 'Danile Hall', ''),
(284, 'Nadge Jones', 'Vestibulum quam sapien, varius ut, blandit non, interdum in, ante. Vestibulum ante ipsum primis in faucibus orci luctus et ultrices posuere cubilia Curae; Duis faucibus accumsan odio. Curabitur convallis.'),
(285, 'Clmentine Watson', ''),
(286, 'Rene Gibson', 'Curabitur at ipsum ac tellus semper interdum. Mauris ullamcorper purus sit amet nulla. Quisque arcu libero, rutrum ac, lobortis vel, dapibus at, diam.'),
(287, 'Marie-ve Hall', ''),
(288, 'Esbjrn Turner', 'Duis consequat dui nec nisi volutpat eleifend. Donec ut dolor. Morbi vel lectus in quam fringilla rhoncus.'),
(289, 'Mawenn Henderson', 'Integer ac leo. Pellentesque ultrices mattis odio. Donec vitae nisi.'),
(290, 'Ocanne Carter', 'Praesent id massa id nisl venenatis lacinia. Aenean sit amet justo. Morbi ut odio.\r\nCras mi pede, malesuada in, imperdiet et, commodo vulputate, justo. In blandit ultrices enim. Lorem ipsum dolor sit amet, consectetuer adipiscing elit.');

-- --------------------------------------------------------

--
-- Table structure for table `art_bidding`
--

CREATE TABLE `art_bidding` (
  `ID` int(11) NOT NULL,
  `ArtID` int(11) NOT NULL,
  `StartDate` date NOT NULL,
  `EndDate` date NOT NULL
) ENGINE=InnoDB DEFAULT CHARSET=utf8;

--
-- Dumping data for table `art_bidding`
--

INSERT INTO `art_bidding` (`ID`, `ArtID`, `StartDate`, `EndDate`) VALUES
(1, 1, '2020-08-31', '2020-10-16'),
(2, 5, '2020-09-19', '2020-10-30'),
(3, 7, '2020-09-26', '2020-10-26'),
(4, 8, '2020-09-07', '2020-10-14'),
(5, 9, '2020-09-16', '2020-11-13'),
(6, 10, '2020-09-11', '2020-10-26'),
(7, 12, '2020-09-19', '2020-11-07'),
(8, 13, '2020-09-20', '2020-10-04'),
(9, 14, '2020-09-28', '2020-10-03'),
(10, 15, '2020-09-28', '2020-11-10'),
(11, 16, '2020-09-27', '2020-10-13'),
(12, 17, '2020-09-01', '2020-10-01'),
(13, 18, '2020-09-12', '2020-10-20'),
(14, 19, '2020-09-09', '2020-10-12'),
(15, 20, '2020-09-12', '2020-10-29'),
(16, 22, '2020-09-12', '2020-10-03'),
(17, 23, '2020-09-08', '2020-10-24'),
(18, 25, '2020-09-07', '2020-10-14'),
(19, 26, '2020-09-13', '2020-10-23'),
(20, 27, '2020-09-03', '2020-10-14'),
(21, 31, '2020-09-21', '2020-10-06'),
(22, 33, '2020-09-23', '2020-11-03'),
(23, 34, '2020-09-08', '2020-10-15'),
(24, 35, '2020-09-07', '2020-10-04'),
(25, 36, '2020-08-31', '2020-10-01'),
(26, 37, '2020-09-22', '2020-10-17'),
(27, 39, '2020-09-11', '2020-10-12'),
(28, 41, '2020-09-10', '2020-11-06'),
(29, 42, '2020-09-12', '2020-10-21'),
(30, 44, '2020-09-20', '2020-10-09'),
(31, 45, '2020-09-04', '2020-10-09'),
(32, 47, '2020-09-08', '2020-10-18'),
(33, 49, '2020-09-06', '2020-11-01'),
(34, 50, '2020-09-22', '2020-10-07'),
(35, 51, '2020-09-19', '2020-10-13'),
(36, 53, '2020-09-15', '2020-10-05'),
(37, 54, '2020-09-09', '2020-11-06'),
(38, 56, '2020-09-20', '2020-10-26'),
(39, 58, '2020-08-31', '2020-11-09'),
(40, 59, '2020-09-15', '2020-10-24'),
(41, 62, '2020-09-17', '2020-10-09'),
(42, 64, '2020-09-25', '2020-11-09'),
(43, 65, '2020-09-15', '2020-10-29'),
(44, 66, '2020-09-15', '2020-11-05'),
(45, 67, '2020-08-31', '2020-10-25'),
(46, 69, '2020-09-11', '2020-11-06'),
(47, 72, '2020-09-24', '2020-10-20'),
(48, 74, '2020-09-28', '2020-11-11'),
(49, 75, '2020-08-31', '2020-10-07'),
(50, 76, '2020-09-08', '2020-11-02'),
(51, 79, '2020-09-17', '2020-10-11'),
(52, 81, '2020-09-08', '2020-10-05'),
(53, 82, '2020-09-02', '2020-10-05'),
(54, 83, '2020-09-02', '2020-11-01'),
(55, 85, '2020-09-07', '2020-10-19'),
(56, 86, '2020-09-03', '2020-11-10'),
(57, 88, '2020-09-15', '2020-11-10'),
(58, 89, '2020-09-26', '2020-10-09'),
(59, 90, '2020-09-19', '2020-11-05'),
(60, 92, '2020-09-18', '2020-10-23'),
(61, 96, '2020-09-19', '2020-11-01'),
(62, 98, '2020-09-14', '2020-11-08'),
(63, 100, '2020-09-07', '2020-10-29'),
(64, 102, '2020-09-12', '2020-11-12'),
(65, 104, '2020-08-31', '2020-10-21'),
(66, 105, '2020-09-03', '2020-11-12'),
(67, 106, '2020-09-12', '2020-10-10'),
(68, 107, '2020-09-16', '2020-10-23'),
(69, 108, '2020-09-21', '2020-11-04'),
(70, 110, '2020-09-15', '2020-11-05'),
(71, 111, '2020-09-26', '2020-10-16'),
(72, 114, '2020-08-31', '2020-11-04'),
(73, 115, '2020-09-21', '2020-10-09'),
(74, 116, '2020-09-23', '2020-11-04'),
(75, 117, '2020-09-08', '2020-10-03'),
(76, 118, '2020-09-10', '2020-11-03'),
(77, 119, '2020-09-12', '2020-11-04'),
(78, 120, '2020-09-18', '2020-10-22'),
(79, 121, '2020-09-11', '2020-11-05'),
(80, 122, '2020-09-21', '2020-10-31'),
(81, 123, '2020-08-31', '2020-10-03'),
(82, 124, '2020-09-24', '2020-10-23'),
(83, 126, '2020-09-05', '2020-10-18'),
(84, 129, '2020-09-20', '2020-10-24'),
(85, 132, '2020-09-23', '2020-10-10'),
(86, 133, '2020-09-29', '2020-10-17'),
(87, 134, '2020-09-07', '2020-10-13'),
(88, 136, '2020-09-27', '2020-10-17'),
(89, 138, '2020-08-31', '2020-11-08'),
(90, 141, '2020-09-12', '2020-10-08'),
(91, 142, '2020-09-09', '2020-10-26'),
(92, 143, '2020-09-26', '2020-10-20'),
(93, 144, '2020-09-14', '2020-10-20'),
(94, 145, '2020-09-08', '2020-11-12'),
(95, 150, '2020-09-14', '2020-10-24'),
(96, 152, '2020-08-31', '2020-11-10'),
(97, 153, '2020-09-21', '2020-10-13'),
(98, 154, '2020-09-17', '2020-10-16'),
(99, 155, '2020-09-10', '2020-10-22'),
(100, 156, '2020-09-12', '2020-10-08'),
(101, 157, '2020-09-22', '2020-10-17'),
(102, 158, '2020-09-16', '2020-11-08'),
(103, 159, '2020-09-28', '2020-10-25'),
(104, 161, '2020-09-25', '2020-11-14'),
(105, 162, '2020-09-16', '2020-10-21'),
(106, 163, '2020-09-27', '2020-11-03'),
(107, 164, '2020-09-29', '2020-11-05'),
(108, 166, '2020-09-01', '2020-10-03'),
(109, 167, '2020-09-03', '2020-10-18'),
(110, 168, '2020-09-20', '2020-10-27'),
(111, 170, '2020-09-12', '2020-11-08'),
(112, 171, '2020-09-29', '2020-10-27'),
(113, 173, '2020-09-25', '2020-10-12'),
(114, 175, '2020-09-04', '2020-10-25'),
(115, 176, '2020-09-22', '2020-11-01'),
(116, 178, '2020-09-10', '2020-11-07'),
(117, 179, '2020-09-15', '2020-11-03'),
(118, 181, '2020-09-20', '2020-11-11'),
(119, 183, '2020-09-26', '2020-10-08'),
(120, 188, '2020-09-14', '2020-10-28'),
(121, 191, '2020-09-28', '2020-11-06'),
(122, 192, '2020-09-07', '2020-11-02'),
(123, 193, '2020-09-19', '2020-10-08'),
(124, 195, '2020-09-12', '2020-10-19'),
(125, 196, '2020-09-13', '2020-10-25'),
(126, 200, '2020-09-07', '2020-11-03'),
(127, 202, '2020-09-05', '2020-11-14'),
(128, 205, '2020-09-17', '2020-10-31'),
(129, 206, '2020-09-11', '2020-10-23'),
(130, 207, '2020-09-06', '2020-10-28'),
(131, 209, '2020-09-05', '2020-11-12'),
(132, 210, '2020-09-14', '2020-11-11'),
(133, 211, '2020-09-17', '2020-11-09'),
(134, 212, '2020-09-09', '2020-10-24'),
(135, 213, '2020-09-03', '2020-10-12'),
(136, 214, '2020-09-12', '2020-10-05'),
(137, 215, '2020-09-24', '2020-10-09'),
(138, 217, '2020-09-08', '2020-11-09'),
(139, 219, '2020-09-29', '2020-10-28'),
(140, 220, '2020-09-03', '2020-10-01'),
(141, 221, '2020-09-02', '2020-10-26'),
(142, 222, '2020-09-19', '2020-11-08'),
(143, 223, '2020-09-28', '2020-10-05'),
(144, 224, '2020-09-12', '2020-10-25'),
(145, 225, '2020-09-28', '2020-11-07'),
(146, 226, '2020-09-27', '2020-10-03'),
(147, 227, '2020-09-28', '2020-11-14'),
(148, 228, '2020-09-01', '2020-10-08'),
(149, 229, '2020-09-17', '2020-10-19'),
(150, 230, '2020-09-08', '2020-10-28'),
(151, 232, '2020-09-08', '2020-11-07'),
(152, 233, '2020-09-24', '2020-10-09'),
(153, 237, '2020-09-09', '2020-11-05'),
(154, 238, '2020-09-27', '2020-10-12'),
(155, 239, '2020-09-06', '2020-10-10'),
(156, 240, '2020-09-02', '2020-10-23'),
(157, 242, '2020-09-20', '2020-11-04'),
(158, 245, '2020-09-05', '2020-10-20'),
(159, 247, '2020-09-20', '2020-10-18'),
(160, 250, '2020-10-10', '2020-11-25'),
(161, 254, '2020-10-25', '2020-11-27'),
(162, 255, '2020-10-05', '2020-11-08'),
(163, 258, '2020-10-15', '2020-11-13'),
(164, 259, '2020-10-27', '2020-11-11'),
(165, 260, '2020-10-13', '2020-11-07'),
(166, 261, '2020-10-21', '2020-11-14'),
(167, 263, '2020-10-14', '2020-11-30'),
(168, 264, '2020-10-23', '2020-11-04'),
(169, 266, '2020-10-31', '2020-11-24'),
(170, 267, '2020-10-12', '2020-11-10'),
(171, 268, '2020-10-09', '2020-11-24'),
(172, 269, '2020-10-16', '2020-11-03'),
(173, 270, '2020-10-19', '2020-11-14'),
(174, 271, '2020-10-12', '2020-11-30'),
(175, 272, '2020-10-21', '2020-11-04'),
(176, 273, '2020-10-12', '2020-11-13'),
(177, 275, '2020-10-12', '2020-11-29'),
(178, 277, '2020-10-12', '2020-11-06'),
(179, 279, '2020-10-29', '2020-11-09'),
(180, 280, '2020-10-03', '2020-11-08'),
(181, 281, '2020-10-22', '2020-11-24'),
(182, 282, '2020-10-31', '2020-11-10'),
(183, 283, '2020-10-05', '2020-11-19'),
(184, 284, '2020-10-10', '2020-11-06'),
(185, 285, '2020-10-09', '2020-11-17'),
(186, 286, '2020-10-20', '2020-11-01'),
(187, 288, '2020-10-15', '2020-11-09'),
(188, 289, '2020-10-23', '2020-11-17'),
(189, 290, '2020-10-14', '2020-11-01'),
(190, 291, '2020-10-17', '2020-11-23'),
(191, 292, '2020-10-26', '2020-11-03'),
(192, 293, '2020-10-11', '2020-11-08'),
(193, 294, '2020-10-31', '2020-11-23'),
(194, 296, '2020-10-07', '2020-11-07'),
(195, 298, '2020-10-16', '2020-11-23'),
(196, 300, '2020-10-28', '2020-11-09'),
(197, 301, '2020-10-24', '2020-11-09'),
(198, 302, '2020-10-14', '2020-11-24'),
(199, 303, '2020-10-03', '2020-11-05'),
(200, 308, '2020-10-15', '2020-11-04'),
(201, 309, '2020-10-10', '2020-11-17'),
(202, 310, '2020-10-16', '2020-11-01'),
(203, 311, '2020-10-23', '2020-11-20'),
(204, 314, '2020-10-20', '2020-11-28'),
(205, 316, '2020-10-07', '2020-11-29'),
(206, 317, '2020-10-25', '2020-11-03'),
(207, 319, '2020-10-21', '2020-11-16'),
(208, 321, '2020-10-03', '2020-11-17'),
(209, 324, '2020-10-26', '2020-11-12'),
(210, 325, '2020-10-04', '2020-11-08'),
(211, 326, '2020-10-26', '2020-11-12'),
(212, 327, '2020-10-12', '2020-11-27'),
(213, 328, '2020-10-14', '2020-11-06'),
(214, 331, '2020-10-22', '2020-11-09'),
(215, 334, '2020-10-12', '2020-11-12'),
(216, 335, '2020-10-11', '2020-11-08'),
(217, 336, '2020-10-20', '2020-11-09'),
(218, 338, '2020-10-09', '2020-11-14'),
(219, 339, '2020-10-15', '2020-11-01'),
(220, 340, '2020-10-03', '2020-11-02'),
(221, 342, '2020-10-15', '2020-11-10'),
(222, 343, '2020-10-11', '2020-11-05'),
(223, 345, '2020-10-31', '2020-11-03'),
(224, 347, '2020-10-19', '2020-11-03'),
(225, 349, '2020-10-17', '2020-11-03'),
(226, 350, '2020-10-13', '2020-11-26'),
(227, 354, '2020-10-03', '2020-11-06'),
(228, 356, '2020-10-06', '2020-11-28'),
(229, 357, '2020-10-24', '2020-11-09'),
(230, 358, '2020-10-21', '2020-11-16'),
(231, 359, '2020-10-29', '2020-11-22'),
(232, 360, '2020-10-29', '2020-11-16'),
(233, 363, '2020-10-19', '2020-11-25'),
(234, 366, '2020-10-08', '2020-11-26'),
(235, 367, '2020-10-19', '2020-11-11'),
(236, 368, '2020-10-21', '2020-11-20'),
(237, 369, '2020-10-31', '2020-11-24'),
(238, 370, '2020-10-11', '2020-11-13'),
(239, 371, '2020-10-04', '2020-11-10'),
(240, 372, '2020-11-08', '2020-12-01'),
(241, 375, '2020-11-15', '2020-12-12'),
(242, 376, '2020-11-22', '2020-12-06'),
(243, 377, '2020-11-20', '2020-12-05'),
(244, 378, '2020-11-15', '2020-12-14'),
(245, 380, '2020-08-31', '2020-12-23'),
(246, 381, '2020-08-31', '2020-12-13'),
(247, 382, '2020-11-10', '2020-12-05'),
(248, 384, '2020-11-26', '2020-12-21'),
(249, 385, '2020-11-12', '2020-12-09'),
(250, 386, '2020-11-17', '2020-12-12'),
(251, 388, '2020-11-08', '2020-12-08'),
(252, 389, '2020-11-16', '2020-12-22'),
(253, 390, '2020-11-01', '2020-12-12'),
(254, 391, '2020-11-29', '2020-12-03'),
(255, 392, '2020-11-12', '2020-12-25'),
(256, 393, '2020-11-08', '2020-12-04'),
(257, 394, '2020-11-19', '2020-12-26'),
(258, 397, '2020-11-22', '2020-12-13'),
(259, 398, '2020-08-31', '2020-12-31'),
(260, 399, '2020-08-31', '2020-12-11'),
(261, 400, '2020-11-25', '2020-12-01'),
(262, 402, '2020-11-07', '2020-12-11'),
(263, 403, '2020-11-07', '2020-12-20'),
(264, 405, '2020-11-07', '2020-12-03'),
(265, 408, '2020-11-14', '2020-12-09'),
(266, 409, '2020-11-03', '2020-12-18'),
(267, 410, '2020-11-08', '2020-12-21'),
(268, 411, '2020-11-08', '2020-12-03'),
(269, 412, '2020-11-11', '2020-12-05'),
(270, 413, '2020-11-12', '2020-12-12'),
(271, 414, '2020-11-12', '2020-12-29'),
(272, 415, '2020-11-18', '2020-12-05'),
(273, 417, '2020-11-18', '2020-12-21'),
(274, 418, '2020-11-17', '2020-12-04'),
(275, 421, '2020-11-07', '2020-12-10'),
(276, 422, '2020-11-26', '2020-12-01'),
(277, 425, '2020-11-07', '2020-12-05'),
(278, 427, '2020-11-28', '2020-12-15'),
(279, 428, '2020-11-07', '2020-12-02'),
(280, 429, '2020-08-31', '2020-12-18'),
(281, 430, '2020-11-20', '2020-12-04'),
(282, 432, '2020-08-31', '2020-12-10'),
(283, 433, '2020-11-16', '2020-12-23'),
(284, 434, '2020-11-08', '2020-12-07'),
(285, 435, '2020-11-21', '2020-12-16'),
(286, 436, '2020-11-03', '2020-12-06'),
(287, 439, '2020-11-03', '2020-12-17'),
(288, 440, '2020-11-27', '2020-12-11'),
(289, 441, '2020-11-24', '2020-12-09'),
(290, 442, '2020-11-01', '2020-12-08'),
(291, 443, '2020-11-12', '2020-12-27'),
(292, 445, '2020-11-22', '2020-12-06'),
(293, 446, '2020-11-12', '2020-12-06'),
(294, 448, '2020-11-28', '2020-12-09'),
(295, 449, '2020-11-20', '2020-12-05'),
(296, 450, '2020-11-11', '2020-12-08'),
(297, 452, '2020-08-31', '2020-12-18'),
(298, 453, '2020-11-12', '2020-12-13'),
(299, 454, '2020-11-23', '2020-12-04'),
(300, 455, '2020-11-15', '2020-12-09'),
(301, 456, '2020-11-07', '2020-12-07'),
(302, 457, '2020-11-07', '2020-12-05'),
(303, 458, '2020-08-31', '2020-12-23'),
(304, 459, '2020-11-14', '2020-12-30'),
(305, 460, '2020-11-28', '2020-12-07'),
(306, 461, '2020-11-15', '2020-12-10'),
(307, 463, '2020-11-04', '2020-12-10'),
(308, 464, '2020-11-20', '2020-12-28'),
(309, 465, '2020-08-31', '2020-12-23'),
(310, 466, '2020-08-31', '2020-12-31'),
(311, 467, '2020-11-14', '2020-12-09'),
(312, 468, '2020-11-17', '2020-12-19'),
(313, 470, '2020-11-19', '2020-12-03'),
(314, 471, '2020-11-08', '2020-12-04'),
(315, 473, '2020-11-10', '2020-12-06'),
(316, 474, '2020-11-15', '2020-12-12'),
(317, 476, '2020-11-04', '2020-12-08'),
(318, 477, '2020-11-07', '2020-12-20'),
(319, 478, '2020-11-07', '2020-12-11'),
(320, 479, '2020-11-15', '2020-12-13'),
(321, 480, '2020-11-09', '2020-12-05');

-- --------------------------------------------------------

--
-- Table structure for table `art_order`
--

CREATE TABLE `art_order` (
  `ID` int(11) NOT NULL,
  `ArtID` int(11) NOT NULL,
  `UserID` int(11) NOT NULL,
  `Date` timestamp NOT NULL DEFAULT CURRENT_TIMESTAMP
) ENGINE=InnoDB DEFAULT CHARSET=utf8;

--
-- Dumping data for table `art_order`
--

INSERT INTO `art_order` (`ID`, `ArtID`, `UserID`, `Date`) VALUES
(1, 13, 70, '2020-10-04 22:00:00'),
(2, 284, 196, '2020-11-06 23:00:00'),
(3, 210, 163, '2020-11-11 23:00:00'),
(4, 392, 104, '2020-12-25 23:00:00'),
(5, 356, 85, '2020-11-28 23:00:00'),
(6, 263, 1, '2020-11-30 23:00:00'),
(7, 429, 102, '2020-12-18 23:00:00'),
(8, 38, 15, '2020-09-03 22:00:00'),
(9, 316, 165, '2020-11-29 23:00:00'),
(10, 184, 6, '2020-11-16 23:00:00'),
(11, 77, 53, '2020-09-28 22:00:00'),
(12, 453, 119, '2020-12-13 23:00:00'),
(13, 304, 138, '2020-11-21 23:00:00'),
(14, 286, 158, '2020-11-01 23:00:00'),
(15, 11, 139, '2020-11-30 23:00:00'),
(16, 167, 175, '2020-10-18 22:00:00'),
(17, 106, 198, '2020-10-10 22:00:00'),
(18, 319, 154, '2020-11-16 23:00:00'),
(19, 479, 130, '2020-12-13 23:00:00'),
(20, 471, 111, '2020-12-04 23:00:00'),
(21, 208, 108, '2020-10-27 23:00:00'),
(22, 249, 68, '2020-10-20 22:00:00'),
(23, 283, 147, '2020-11-19 23:00:00'),
(24, 457, 5, '2020-12-05 23:00:00'),
(25, 50, 84, '2020-10-07 22:00:00'),
(26, 301, 24, '2020-11-09 23:00:00'),
(27, 384, 123, '2020-12-21 23:00:00'),
(28, 85, 51, '2020-10-19 22:00:00'),
(29, 348, 85, '2020-08-11 22:00:00'),
(30, 327, 165, '2020-11-27 23:00:00'),
(31, 168, 109, '2020-10-27 23:00:00'),
(32, 16, 95, '2020-10-13 22:00:00'),
(33, 16, 91, '2020-10-13 22:00:00'),
(34, 138, 100, '2020-11-08 23:00:00'),
(35, 67, 94, '2020-10-25 23:00:00'),
(36, 434, 71, '2020-12-07 23:00:00'),
(37, 203, 72, '2020-09-20 22:00:00'),
(38, 115, 82, '2020-10-09 22:00:00'),
(39, 65, 187, '2020-10-29 23:00:00'),
(40, 127, 143, '2020-11-11 23:00:00'),
(41, 199, 12, '2020-09-25 22:00:00'),
(42, 397, 117, '2020-12-13 23:00:00'),
(43, 1, 105, '2020-10-16 22:00:00'),
(44, 320, 145, '2020-11-27 23:00:00'),
(45, 273, 138, '2020-11-13 23:00:00'),
(46, 395, 31, '2020-12-06 23:00:00'),
(47, 251, 180, '2020-10-16 22:00:00'),
(48, 302, 109, '2020-11-24 23:00:00'),
(49, 39, 9, '2020-10-12 22:00:00'),
(50, 103, 25, '2020-11-16 23:00:00'),
(51, 450, 61, '2020-12-08 23:00:00'),
(52, 381, 128, '2020-12-13 23:00:00'),
(53, 127, 189, '2020-11-10 23:00:00'),
(54, 296, 135, '2020-11-07 23:00:00'),
(55, 319, 50, '2020-11-16 23:00:00'),
(56, 135, 16, '2020-10-02 22:00:00'),
(57, 413, 94, '2020-12-12 23:00:00'),
(58, 87, 122, '2020-09-01 22:00:00'),
(59, 458, 91, '2020-12-23 23:00:00'),
(60, 126, 187, '2020-10-18 22:00:00'),
(61, 191, 169, '2020-11-06 23:00:00'),
(62, 38, 100, '2020-09-03 22:00:00'),
(63, 78, 98, '2020-08-17 22:00:00'),
(64, 117, 36, '2020-10-03 22:00:00'),
(65, 137, 3, '2020-10-31 23:00:00'),
(66, 275, 4, '2020-11-29 23:00:00'),
(67, 286, 106, '2020-11-01 23:00:00'),
(68, 313, 75, '2020-11-23 23:00:00'),
(69, 165, 150, '2020-08-11 22:00:00'),
(70, 274, 65, '2020-08-25 22:00:00'),
(71, 115, 154, '2020-10-09 22:00:00'),
(72, 192, 157, '2020-11-02 23:00:00'),
(73, 26, 122, '2020-10-23 22:00:00'),
(74, 424, 116, '2020-08-25 22:00:00'),
(75, 239, 199, '2020-10-10 22:00:00'),
(76, 250, 10, '2020-11-25 23:00:00'),
(77, 391, 114, '2020-12-03 23:00:00'),
(78, 200, 41, '2020-11-03 23:00:00'),
(79, 146, 165, '2020-08-20 22:00:00'),
(80, 343, 31, '2020-11-05 23:00:00'),
(81, 177, 122, '2020-12-21 23:00:00'),
(82, 237, 32, '2020-11-05 23:00:00'),
(83, 380, 188, '2020-12-23 23:00:00'),
(84, 246, 12, '2020-11-18 23:00:00'),
(85, 104, 147, '2020-10-21 22:00:00'),
(86, 345, 192, '2020-11-03 23:00:00'),
(87, 305, 110, '2020-11-26 23:00:00'),
(88, 355, 51, '2020-10-19 22:00:00'),
(89, 303, 70, '2020-11-05 23:00:00'),
(90, 32, 115, '2020-11-20 23:00:00'),
(91, 139, 64, '2020-12-07 23:00:00'),
(92, 28, 166, '2020-12-26 23:00:00'),
(93, 232, 150, '2020-11-07 23:00:00'),
(94, 328, 179, '2020-11-06 23:00:00'),
(95, 10, 29, '2020-10-26 23:00:00'),
(96, 198, 21, '2020-12-01 23:00:00'),
(97, 14, 70, '2020-10-03 22:00:00'),
(98, 351, 48, '2020-09-03 22:00:00'),
(99, 460, 71, '2020-12-07 23:00:00'),
(100, 60, 197, '2020-12-02 23:00:00'),
(101, 57, 107, '2020-09-19 22:00:00'),
(102, 87, 89, '2020-08-31 22:00:00'),
(103, 375, 97, '2020-12-12 23:00:00'),
(104, 178, 73, '2020-11-07 23:00:00'),
(105, 38, 111, '2020-08-29 22:00:00'),
(106, 69, 123, '2020-11-06 23:00:00'),
(107, 163, 173, '2020-11-03 23:00:00'),
(108, 202, 77, '2020-11-14 23:00:00'),
(109, 14, 89, '2020-10-03 22:00:00'),
(110, 230, 75, '2020-10-28 23:00:00'),
(111, 266, 65, '2020-11-24 23:00:00'),
(112, 296, 71, '2020-11-07 23:00:00'),
(113, 92, 33, '2020-10-23 22:00:00'),
(114, 389, 165, '2020-12-22 23:00:00'),
(115, 150, 25, '2020-10-24 22:00:00'),
(116, 432, 146, '2020-12-10 23:00:00'),
(117, 452, 139, '2020-12-18 23:00:00'),
(118, 53, 23, '2020-10-05 22:00:00'),
(119, 318, 123, '2020-10-20 22:00:00'),
(120, 418, 182, '2020-12-04 23:00:00'),
(121, 317, 75, '2020-11-03 23:00:00'),
(122, 447, 78, '2020-08-09 22:00:00'),
(123, 307, 128, '2020-08-17 22:00:00'),
(124, 76, 32, '2020-11-02 23:00:00'),
(125, 426, 88, '2020-11-10 23:00:00'),
(126, 207, 149, '2020-10-28 23:00:00'),
(127, 135, 18, '2020-10-03 22:00:00'),
(128, 64, 43, '2020-11-09 23:00:00'),
(129, 143, 11, '2020-10-20 22:00:00'),
(130, 359, 75, '2020-11-22 23:00:00'),
(131, 239, 84, '2020-10-10 22:00:00'),
(132, 301, 195, '2020-11-09 23:00:00'),
(133, 201, 160, '2020-10-16 22:00:00'),
(134, 66, 7, '2020-11-05 23:00:00'),
(135, 33, 118, '2020-11-03 23:00:00'),
(136, 170, 180, '2020-11-08 23:00:00'),
(137, 172, 139, '2020-11-18 23:00:00'),
(138, 327, 172, '2020-11-27 23:00:00'),
(139, 94, 106, '2020-07-29 22:00:00'),
(140, 234, 8, '2020-11-24 23:00:00'),
(141, 472, 1, '2020-10-15 22:00:00');

-- --------------------------------------------------------

--
-- Table structure for table `bid`
--

CREATE TABLE `bid` (
  `ID` int(11) NOT NULL,
  `Price` decimal(10,2) NOT NULL,
  `BiddingTime` timestamp NOT NULL DEFAULT CURRENT_TIMESTAMP,
  `ArtBiddingID` int(11) NOT NULL,
  `UserID` int(11) NOT NULL
) ENGINE=InnoDB DEFAULT CHARSET=utf8;

--
-- Dumping data for table `bid`
--

INSERT INTO `bid` (`ID`, `Price`, `BiddingTime`, `ArtBiddingID`, `UserID`) VALUES
(1, '16344.77', '2020-10-18 22:00:00', 125, 42),
(2, '15652.28', '2020-10-03 22:00:00', 88, 66),
(3, '12882.28', '2020-10-20 22:00:00', 82, 34),
(4, '4041.74', '2020-10-24 22:00:00', 3, 87),
(5, '15346.59', '2020-11-01 23:00:00', 117, 31),
(6, '10925.31', '2020-10-09 22:00:00', 84, 72),
(7, '18052.78', '2020-10-12 22:00:00', 99, 144),
(8, '3414.34', '2020-10-30 23:00:00', 126, 83),
(9, '816.25', '2020-11-05 23:00:00', 138, 199),
(10, '4331.82', '2020-10-29 23:00:00', 77, 115),
(11, '9942.35', '2020-10-13 22:00:00', 20, 39),
(12, '9541.70', '2020-11-01 23:00:00', 70, 22),
(13, '5596.07', '2020-09-25 22:00:00', 90, 146),
(14, '15891.00', '2020-10-28 23:00:00', 121, 128),
(15, '15290.68', '2020-10-30 23:00:00', 117, 95),
(16, '17879.36', '2020-10-01 22:00:00', 100, 34),
(17, '15970.01', '2020-10-26 23:00:00', 77, 56),
(18, '4833.91', '2020-10-06 22:00:00', 20, 112),
(19, '7730.76', '2020-10-23 22:00:00', 72, 44),
(20, '2518.90', '2020-11-02 23:00:00', 72, 26),
(21, '1698.11', '2020-10-28 23:00:00', 22, 64),
(22, '1766.56', '2020-10-08 22:00:00', 23, 19),
(23, '6456.88', '2020-10-27 23:00:00', 120, 132),
(24, '869.75', '2020-10-09 22:00:00', 129, 125),
(25, '15334.63', '2020-11-01 23:00:00', 107, 119),
(26, '13567.20', '2020-10-15 22:00:00', 68, 110),
(27, '7686.32', '2020-10-13 22:00:00', 134, 110),
(28, '9811.28', '2020-11-02 23:00:00', 117, 192),
(29, '18755.81', '2020-10-01 22:00:00', 88, 63),
(30, '12176.68', '2020-10-04 22:00:00', 13, 174),
(31, '6047.25', '2020-10-18 22:00:00', 50, 53),
(32, '8106.22', '2020-10-29 23:00:00', 56, 68),
(33, '19551.99', '2020-10-27 23:00:00', 10, 72),
(34, '18976.40', '2020-10-30 23:00:00', 50, 199),
(35, '19393.37', '2020-10-02 22:00:00', 109, 174),
(36, '3509.66', '2020-09-24 22:00:00', 16, 158),
(37, '5303.87', '2020-10-19 22:00:00', 80, 179),
(38, '14344.13', '2020-09-28 22:00:00', 20, 200),
(39, '7185.83', '2020-09-22 22:00:00', 136, 89),
(40, '7126.26', '2020-10-17 22:00:00', 93, 175),
(41, '15051.91', '2020-10-04 22:00:00', 100, 114),
(42, '7598.20', '2020-10-26 23:00:00', 59, 67),
(43, '5138.54', '2020-11-04 23:00:00', 56, 190),
(44, '17521.24', '2020-09-24 22:00:00', 49, 90),
(45, '11193.30', '2020-10-06 22:00:00', 67, 67),
(46, '12642.00', '2020-10-31 23:00:00', 57, 125),
(47, '673.21', '2020-10-16 22:00:00', 99, 35),
(48, '18273.43', '2020-10-28 23:00:00', 39, 193),
(49, '17926.35', '2020-10-25 23:00:00', 37, 31),
(50, '4572.57', '2020-10-26 23:00:00', 69, 98),
(51, '1033.19', '2020-09-24 22:00:00', 108, 60),
(52, '16891.83', '2020-10-24 22:00:00', 116, 152),
(53, '18716.33', '2020-09-18 22:00:00', 140, 159),
(54, '2579.75', '2020-10-15 22:00:00', 78, 134),
(55, '13988.80', '2020-10-10 22:00:00', 29, 158),
(56, '9753.51', '2020-11-04 23:00:00', 28, 182),
(57, '12635.05', '2020-09-25 22:00:00', 81, 133),
(58, '3958.07', '2020-10-02 22:00:00', 24, 143),
(59, '7613.74', '2020-10-10 22:00:00', 95, 158),
(60, '13048.24', '2020-10-04 22:00:00', 31, 76),
(61, '5930.53', '2020-11-02 23:00:00', 48, 61),
(62, '13192.37', '2020-10-17 22:00:00', 47, 103),
(63, '247.06', '2020-10-25 23:00:00', 116, 23),
(64, '4082.09', '2020-10-01 22:00:00', 11, 157),
(65, '8584.34', '2020-10-15 22:00:00', 55, 30),
(66, '5893.40', '2020-10-27 23:00:00', 138, 6),
(67, '8235.35', '2020-11-05 23:00:00', 118, 165),
(68, '13194.49', '2020-09-24 22:00:00', 140, 77),
(69, '12470.14', '2020-10-16 22:00:00', 2, 28),
(70, '13035.86', '2020-10-18 22:00:00', 99, 55),
(71, '19695.36', '2020-11-01 23:00:00', 116, 59),
(72, '18562.16', '2020-11-09 23:00:00', 10, 50),
(73, '3041.24', '2020-10-29 23:00:00', 61, 175),
(74, '3125.06', '2020-10-07 22:00:00', 1, 66),
(75, '15085.58', '2020-10-20 22:00:00', 120, 75),
(76, '10776.34', '2020-10-02 22:00:00', 27, 104),
(77, '14447.04', '2020-10-23 22:00:00', 80, 78),
(78, '11425.85', '2020-09-25 22:00:00', 34, 69),
(79, '19991.74', '2020-10-31 23:00:00', 107, 57),
(80, '9479.83', '2020-10-31 23:00:00', 122, 177),
(81, '304.11', '2020-10-13 22:00:00', 134, 66),
(82, '17645.56', '2020-10-11 22:00:00', 11, 89),
(83, '3297.41', '2020-10-24 22:00:00', 61, 159),
(84, '6665.53', '2020-10-13 22:00:00', 63, 124),
(85, '2341.11', '2020-10-17 22:00:00', 91, 46),
(86, '11509.15', '2020-11-03 23:00:00', 104, 159),
(87, '7299.64', '2020-09-19 22:00:00', 108, 121),
(88, '13884.37', '2020-10-24 22:00:00', 63, 2),
(89, '13172.63', '2020-10-16 22:00:00', 139, 81),
(90, '6897.14', '2020-10-25 23:00:00', 111, 184),
(91, '3569.98', '2020-10-06 22:00:00', 51, 153),
(92, '16127.77', '2020-09-26 22:00:00', 52, 100),
(93, '13738.79', '2020-09-24 22:00:00', 123, 73),
(94, '9310.78', '2020-09-29 22:00:00', 35, 157),
(95, '18501.82', '2020-10-17 22:00:00', 112, 107),
(96, '1990.09', '2020-11-07 23:00:00', 104, 60),
(97, '17075.86', '2020-10-31 23:00:00', 107, 181),
(98, '9681.80', '2020-11-08 23:00:00', 57, 84),
(99, '15986.83', '2020-10-14 22:00:00', 78, 18),
(100, '14114.34', '2020-10-09 22:00:00', 27, 49),
(101, '89.91', '2020-10-17 22:00:00', 60, 47),
(102, '14534.73', '2020-11-09 23:00:00', 64, 78),
(103, '11400.63', '2020-10-11 22:00:00', 114, 187),
(104, '15719.06', '2020-09-17 22:00:00', 25, 66),
(105, '13263.56', '2020-09-20 22:00:00', 75, 20),
(106, '5970.52', '2020-10-12 22:00:00', 109, 74),
(107, '11014.85', '2020-10-07 22:00:00', 27, 199),
(108, '11663.31', '2020-11-05 23:00:00', 48, 168),
(109, '8417.76', '2020-10-24 22:00:00', 44, 140),
(110, '12073.29', '2020-10-28 23:00:00', 57, 6),
(111, '18570.10', '2020-10-04 22:00:00', 88, 44),
(112, '18816.90', '2020-10-01 22:00:00', 85, 140),
(113, '4370.96', '2020-10-03 22:00:00', 73, 152),
(114, '6767.93', '2020-09-28 22:00:00', 11, 129),
(115, '5758.05', '2020-10-05 22:00:00', 109, 54),
(116, '4459.42', '2020-11-03 23:00:00', 44, 31),
(117, '392.85', '2020-10-02 22:00:00', 101, 101),
(118, '9001.05', '2020-10-25 23:00:00', 117, 40),
(119, '4043.33', '2020-10-03 22:00:00', 23, 200),
(120, '5646.78', '2020-10-16 22:00:00', 93, 124),
(121, '1294.16', '2020-10-02 22:00:00', 26, 178),
(122, '6836.12', '2020-09-20 22:00:00', 16, 200),
(123, '6639.00', '2020-11-04 23:00:00', 132, 113),
(124, '320.02', '2020-11-06 23:00:00', 104, 36),
(125, '15434.81', '2020-10-05 22:00:00', 119, 88),
(126, '18757.42', '2020-10-04 22:00:00', 119, 199),
(127, '14746.32', '2020-10-29 23:00:00', 39, 192),
(128, '1249.01', '2020-11-01 23:00:00', 104, 51),
(129, '6443.23', '2020-10-27 23:00:00', 118, 181),
(130, '5356.17', '2020-10-07 22:00:00', 135, 42),
(131, '15943.06', '2020-10-21 22:00:00', 139, 27),
(132, '7934.92', '2020-10-17 22:00:00', 19, 159),
(133, '5603.15', '2020-10-12 22:00:00', 93, 155),
(134, '6546.02', '2020-10-27 23:00:00', 106, 193),
(135, '5719.87', '2020-10-04 22:00:00', 14, 48),
(136, '14329.26', '2020-10-07 22:00:00', 30, 164),
(137, '5129.88', '2020-10-30 23:00:00', 127, 84),
(138, '5044.15', '2020-09-26 22:00:00', 21, 35),
(139, '10666.31', '2020-10-12 22:00:00', 1, 125),
(140, '11440.41', '2020-10-10 22:00:00', 1, 47),
(141, '3852.30', '2020-10-26 23:00:00', 102, 118),
(142, '15961.94', '2020-11-01 23:00:00', 72, 162),
(143, '7085.29', '2020-11-07 23:00:00', 5, 102),
(144, '15710.59', '2020-10-15 22:00:00', 92, 17),
(145, '7126.55', '2020-10-04 22:00:00', 51, 98),
(146, '521.97', '2020-10-23 22:00:00', 125, 45),
(147, '19969.64', '2020-10-07 22:00:00', 113, 72),
(148, '6589.70', '2020-11-09 23:00:00', 66, 96),
(149, '4947.56', '2020-09-19 22:00:00', 12, 86),
(150, '14828.21', '2020-10-29 23:00:00', 59, 30),
(151, '526.97', '2020-09-30 22:00:00', 113, 118),
(152, '4784.75', '2020-10-16 22:00:00', 95, 1),
(153, '19611.27', '2020-11-05 23:00:00', 37, 131),
(154, '6912.29', '2020-09-21 22:00:00', 108, 26),
(155, '14299.06', '2020-10-16 22:00:00', 110, 171),
(156, '10573.51', '2020-10-18 22:00:00', 129, 192),
(157, '16624.84', '2020-11-08 23:00:00', 118, 64),
(158, '15199.32', '2020-10-27 23:00:00', 139, 67),
(159, '4061.45', '2020-10-24 22:00:00', 126, 70),
(160, '3379.28', '2020-09-24 22:00:00', 123, 4),
(161, '2487.19', '2020-10-10 22:00:00', 32, 86),
(162, '14817.09', '2020-10-14 22:00:00', 63, 38),
(163, '8074.92', '2020-10-30 23:00:00', 74, 8),
(164, '18539.34', '2020-10-12 22:00:00', 92, 29),
(165, '17588.12', '2020-10-09 22:00:00', 47, 82),
(166, '10484.66', '2020-09-21 22:00:00', 75, 49),
(167, '12090.39', '2020-10-18 22:00:00', 128, 136),
(168, '6163.06', '2020-10-25 23:00:00', 72, 132),
(169, '19652.47', '2020-09-18 22:00:00', 25, 122),
(170, '1628.26', '2020-11-08 23:00:00', 66, 53),
(171, '19626.86', '2020-10-30 23:00:00', 42, 122),
(172, '927.68', '2020-11-02 23:00:00', 62, 98),
(173, '16347.57', '2020-10-15 22:00:00', 80, 66),
(174, '8238.69', '2020-10-30 23:00:00', 66, 32),
(175, '4039.43', '2020-10-04 22:00:00', 119, 148),
(176, '5617.63', '2020-10-24 22:00:00', 115, 194),
(177, '4919.74', '2020-10-02 22:00:00', 97, 123),
(178, '10285.15', '2020-10-14 22:00:00', 63, 1),
(179, '10885.78', '2020-10-23 22:00:00', 122, 88),
(180, '6555.43', '2020-10-03 22:00:00', 73, 195),
(181, '8033.20', '2020-10-11 22:00:00', 95, 64),
(182, '6292.16', '2020-10-27 23:00:00', 48, 20),
(183, '3994.96', '2020-10-30 23:00:00', 44, 14),
(184, '14307.49', '2020-10-20 22:00:00', 50, 124),
(185, '15814.71', '2020-10-09 22:00:00', 45, 183),
(186, '10655.21', '2020-10-24 22:00:00', 117, 103),
(187, '2368.27', '2020-10-23 22:00:00', 116, 66),
(188, '4373.94', '2020-09-23 22:00:00', 90, 66),
(189, '10258.72', '2020-10-08 22:00:00', 82, 92),
(190, '6707.56', '2020-10-04 22:00:00', 124, 182),
(191, '18405.57', '2020-10-05 22:00:00', 88, 15),
(192, '12937.66', '2020-10-25 23:00:00', 96, 91),
(193, '8087.35', '2020-10-10 22:00:00', 13, 178),
(194, '12173.98', '2020-10-18 22:00:00', 47, 38),
(195, '8091.70', '2020-10-25 23:00:00', 117, 184),
(196, '6366.65', '2020-10-10 22:00:00', 101, 21),
(197, '799.26', '2020-09-24 22:00:00', 9, 200),
(198, '2578.62', '2020-10-26 23:00:00', 50, 17),
(199, '507.09', '2020-10-20 22:00:00', 139, 187),
(200, '11395.57', '2020-10-21 22:00:00', 129, 164),
(201, '6467.80', '2020-09-22 22:00:00', 34, 128),
(202, '12809.30', '2020-10-06 22:00:00', 18, 111),
(203, '3564.28', '2020-11-01 23:00:00', 48, 148),
(204, '18635.98', '2020-10-11 22:00:00', 109, 67),
(205, '6946.94', '2020-10-07 22:00:00', 20, 171),
(206, '11594.12', '2020-10-02 22:00:00', 71, 184),
(207, '7334.53', '2020-10-12 22:00:00', 20, 15),
(208, '13035.35', '2020-10-18 22:00:00', 43, 148),
(209, '11674.55', '2020-10-14 22:00:00', 101, 125),
(210, '9402.76', '2020-10-10 22:00:00', 47, 64),
(211, '15752.26', '2020-10-04 22:00:00', 1, 29),
(212, '5085.37', '2020-10-18 22:00:00', 54, 154),
(213, '293.16', '2020-10-21 22:00:00', 114, 41),
(214, '6439.31', '2020-10-17 22:00:00', 78, 160),
(215, '9250.22', '2020-10-30 23:00:00', 56, 192),
(216, '5728.93', '2020-10-31 23:00:00', 56, 19),
(217, '5133.86', '2020-10-09 22:00:00', 40, 87),
(218, '17891.56', '2020-09-29 22:00:00', 87, 164),
(219, '12562.63', '2020-10-12 22:00:00', 99, 197),
(220, '11395.43', '2020-10-14 22:00:00', 93, 83),
(221, '212.15', '2020-10-12 22:00:00', 3, 13),
(222, '121.84', '2020-10-16 22:00:00', 134, 43),
(223, '3232.10', '2020-10-25 23:00:00', 72, 75),
(224, '6185.61', '2020-09-26 22:00:00', 36, 64),
(225, '12269.79', '2020-10-19 22:00:00', 65, 57),
(226, '10886.75', '2020-10-28 23:00:00', 89, 145),
(227, '17895.74', '2020-10-11 22:00:00', 11, 61),
(228, '18353.14', '2020-11-03 23:00:00', 39, 24),
(229, '12627.72', '2020-11-03 23:00:00', 132, 135),
(230, '19152.80', '2020-10-27 23:00:00', 77, 108),
(231, '16223.71', '2020-10-21 22:00:00', 69, 155),
(232, '2019.84', '2020-10-07 22:00:00', 100, 137),
(233, '16652.88', '2020-10-12 22:00:00', 93, 112),
(234, '8180.05', '2020-10-07 22:00:00', 14, 8),
(235, '14977.17', '2020-09-29 22:00:00', 97, 9),
(236, '8767.97', '2020-10-12 22:00:00', 124, 197),
(237, '17196.35', '2020-09-23 22:00:00', 24, 55),
(238, '2875.01', '2020-10-08 22:00:00', 68, 155),
(239, '15094.52', '2020-10-07 22:00:00', 93, 7),
(240, '12069.77', '2020-11-12 23:00:00', 127, 166),
(241, '2381.01', '2020-11-11 23:00:00', 66, 104),
(242, '14820.55', '2020-10-12 22:00:00', 38, 172),
(243, '4559.84', '2020-11-03 23:00:00', 116, 162),
(244, '11726.60', '2020-10-29 23:00:00', 37, 21),
(245, '6429.97', '2020-10-14 22:00:00', 17, 32),
(246, '6800.31', '2020-09-24 22:00:00', 34, 37),
(247, '1321.56', '2020-11-06 23:00:00', 138, 69),
(248, '7165.68', '2020-10-23 22:00:00', 2, 96),
(249, '5549.48', '2020-10-27 23:00:00', 77, 77),
(250, '17034.18', '2020-10-04 22:00:00', 58, 81),
(251, '16051.57', '2020-10-17 22:00:00', 63, 91),
(252, '9527.52', '2020-09-27 22:00:00', 135, 193),
(253, '17457.04', '2020-09-24 22:00:00', 16, 115),
(254, '19043.03', '2020-09-29 22:00:00', 113, 111),
(255, '13550.29', '2020-10-15 22:00:00', 60, 152),
(256, '14626.42', '2020-10-05 22:00:00', 21, 47),
(257, '5686.91', '2020-10-12 22:00:00', 65, 142),
(258, '9194.95', '2020-10-21 22:00:00', 115, 193),
(259, '4911.37', '2020-10-07 22:00:00', 105, 154),
(260, '6518.77', '2020-09-26 22:00:00', 25, 105),
(261, '11535.54', '2020-11-02 23:00:00', 94, 126),
(262, '4910.49', '2020-10-22 22:00:00', 110, 196),
(263, '12641.65', '2020-10-28 23:00:00', 89, 34),
(264, '16980.47', '2020-11-02 23:00:00', 39, 175),
(265, '2371.25', '2020-10-27 23:00:00', 120, 112),
(266, '16984.15', '2020-10-16 22:00:00', 63, 196),
(267, '2125.36', '2020-10-15 22:00:00', 32, 185),
(268, '2115.52', '2020-10-23 22:00:00', 139, 135),
(269, '9030.77', '2020-09-25 22:00:00', 119, 174),
(270, '7176.43', '2020-10-23 22:00:00', 91, 162),
(271, '14497.82', '2020-10-04 22:00:00', 137, 32),
(272, '15576.56', '2020-10-26 23:00:00', 57, 140),
(273, '16946.37', '2020-10-11 22:00:00', 135, 165),
(274, '14830.73', '2020-11-04 23:00:00', 102, 63),
(275, '19539.57', '2020-10-23 22:00:00', 111, 174),
(276, '15702.79', '2020-10-20 22:00:00', 38, 172),
(277, '10097.55', '2020-10-15 22:00:00', 114, 50),
(278, '13553.48', '2020-11-05 23:00:00', 37, 94),
(279, '14840.28', '2020-10-21 22:00:00', 110, 128),
(280, '3583.26', '2020-10-07 22:00:00', 83, 3),
(281, '5438.12', '2020-10-19 22:00:00', 38, 57),
(282, '9874.93', '2020-10-22 22:00:00', 84, 81),
(283, '3146.63', '2020-10-05 22:00:00', 13, 63),
(284, '10486.73', '2020-10-24 22:00:00', 106, 117),
(285, '10417.57', '2020-10-16 22:00:00', 86, 199),
(286, '12614.37', '2020-09-27 22:00:00', 52, 80),
(287, '13601.94', '2020-10-29 23:00:00', 54, 89),
(288, '12518.43', '2020-11-10 23:00:00', 104, 171),
(289, '3430.17', '2020-09-22 22:00:00', 53, 30),
(290, '18165.76', '2020-10-21 22:00:00', 110, 199),
(291, '978.02', '2020-10-29 23:00:00', 126, 4),
(292, '14874.43', '2020-10-29 23:00:00', 44, 182),
(293, '3704.78', '2020-10-30 23:00:00', 72, 48),
(294, '18070.01', '2020-11-08 23:00:00', 132, 70),
(295, '5368.58', '2020-10-23 22:00:00', 106, 29),
(296, '15418.63', '2020-10-31 23:00:00', 69, 88),
(297, '2584.41', '2020-10-24 22:00:00', 59, 86),
(298, '15654.91', '2020-11-09 23:00:00', 104, 109),
(299, '13769.57', '2020-10-21 22:00:00', 44, 83),
(300, '17652.56', '2020-10-24 22:00:00', 102, 2),
(301, '16801.72', '2020-10-23 22:00:00', 116, 12),
(302, '13634.64', '2020-09-26 22:00:00', 90, 170),
(303, '7654.49', '2020-10-15 22:00:00', 128, 64),
(304, '12232.82', '2020-10-16 22:00:00', 112, 28),
(305, '13781.00', '2020-10-31 23:00:00', 111, 4),
(306, '4135.61', '2020-11-08 23:00:00', 5, 81),
(307, '10416.79', '2020-09-29 22:00:00', 35, 130),
(308, '9503.81', '2020-11-02 23:00:00', 5, 39),
(309, '10095.72', '2020-09-21 22:00:00', 12, 54),
(310, '4654.95', '2020-10-08 22:00:00', 85, 83),
(311, '7389.57', '2020-09-22 22:00:00', 9, 189),
(312, '7391.06', '2020-10-13 22:00:00', 43, 32),
(313, '16668.13', '2020-10-08 22:00:00', 95, 146),
(314, '8419.13', '2020-09-28 22:00:00', 11, 10),
(315, '4476.92', '2020-09-22 22:00:00', 8, 131),
(316, '19128.48', '2020-10-26 23:00:00', 138, 146),
(317, '10699.71', '2020-10-13 22:00:00', 88, 71),
(318, '2950.51', '2020-11-06 23:00:00', 118, 196),
(319, '5812.65', '2020-10-13 22:00:00', 114, 164),
(320, '11082.00', '2020-10-24 22:00:00', 133, 12),
(321, '6440.70', '2020-09-27 22:00:00', 90, 32),
(322, '9625.02', '2020-10-06 22:00:00', 35, 192),
(323, '13179.06', '2020-10-22 22:00:00', 82, 77),
(324, '16283.81', '2020-10-16 22:00:00', 43, 133),
(325, '2442.53', '2020-10-05 22:00:00', 90, 93),
(326, '15418.22', '2020-10-24 22:00:00', 91, 175),
(327, '8517.59', '2020-10-07 22:00:00', 99, 161),
(328, '3875.47', '2020-11-01 23:00:00', 132, 193),
(329, '13120.18', '2020-10-05 22:00:00', 30, 38),
(330, '14597.30', '2020-10-18 22:00:00', 65, 133),
(331, '6928.47', '2020-10-01 22:00:00', 24, 189),
(332, '7877.23', '2020-10-03 22:00:00', 31, 32),
(333, '16927.01', '2020-10-08 22:00:00', 18, 117),
(334, '2396.24', '2020-10-15 22:00:00', 60, 182),
(335, '4922.92', '2020-10-18 22:00:00', 103, 165),
(336, '4780.85', '2020-11-06 23:00:00', 104, 83),
(337, '7509.42', '2020-11-04 23:00:00', 96, 169),
(338, '5811.12', '2020-10-01 22:00:00', 53, 126),
(339, '3835.57', '2020-10-20 22:00:00', 69, 160),
(340, '5513.87', '2020-10-26 23:00:00', 2, 160),
(341, '16742.96', '2020-11-05 23:00:00', 102, 46),
(342, '7883.23', '2020-10-12 22:00:00', 120, 84),
(343, '15123.34', '2020-10-25 23:00:00', 76, 20),
(344, '9225.08', '2020-09-28 22:00:00', 30, 95),
(345, '18641.54', '2020-10-30 23:00:00', 94, 130),
(346, '9986.27', '2020-11-02 23:00:00', 44, 10),
(347, '7640.11', '2020-11-02 23:00:00', 74, 139),
(348, '4922.24', '2020-10-31 23:00:00', 76, 194),
(349, '11036.46', '2020-10-14 22:00:00', 99, 85),
(350, '19578.56', '2020-10-31 23:00:00', 66, 63),
(351, '16991.89', '2020-10-29 23:00:00', 59, 117),
(352, '449.22', '2020-10-11 22:00:00', 78, 67),
(353, '7499.07', '2020-11-05 23:00:00', 111, 102),
(354, '5033.96', '2020-10-12 22:00:00', 99, 56),
(355, '10395.98', '2020-10-15 22:00:00', 120, 48),
(356, '4979.76', '2020-10-15 22:00:00', 32, 165),
(357, '1432.25', '2020-11-01 23:00:00', 7, 140),
(358, '2231.85', '2020-11-09 23:00:00', 127, 189),
(359, '9979.58', '2020-11-07 23:00:00', 94, 96),
(360, '9271.94', '2020-09-30 22:00:00', 137, 156),
(361, '897.82', '2020-10-25 23:00:00', 116, 51),
(362, '1389.11', '2020-10-10 22:00:00', 71, 9),
(363, '13291.85', '2020-11-04 23:00:00', 66, 88),
(364, '7747.98', '2020-10-26 23:00:00', 128, 95),
(365, '3876.72', '2020-09-19 22:00:00', 9, 194),
(366, '14211.09', '2020-10-25 23:00:00', 28, 55),
(367, '19507.83', '2020-10-21 22:00:00', 22, 110),
(368, '9737.59', '2020-10-22 22:00:00', 28, 118),
(369, '19625.89', '2020-11-04 23:00:00', 48, 107),
(370, '19186.34', '2020-10-11 22:00:00', 91, 58),
(371, '15491.81', '2020-09-20 22:00:00', 12, 187),
(372, '4611.19', '2020-10-31 23:00:00', 138, 50),
(373, '11591.61', '2020-10-31 23:00:00', 132, 39),
(374, '5337.91', '2020-10-07 22:00:00', 124, 70),
(375, '19084.94', '2020-09-30 22:00:00', 67, 145),
(376, '3424.82', '2020-10-30 23:00:00', 48, 113),
(377, '9683.73', '2020-09-24 22:00:00', 30, 21),
(378, '17028.02', '2020-10-13 22:00:00', 65, 170),
(379, '9950.20', '2020-10-31 23:00:00', 57, 42),
(380, '17134.81', '2020-09-29 22:00:00', 31, 6),
(381, '12185.22', '2020-10-13 22:00:00', 1, 36),
(382, '4693.93', '2020-10-23 22:00:00', 59, 45),
(383, '15709.75', '2020-09-24 22:00:00', 136, 190),
(384, '378.20', '2020-09-18 22:00:00', 12, 154),
(385, '5805.47', '2020-10-15 22:00:00', 109, 89),
(386, '6366.45', '2020-10-04 22:00:00', 30, 41),
(387, '12835.97', '2020-11-05 23:00:00', 28, 77),
(388, '18466.15', '2020-10-30 23:00:00', 126, 184),
(389, '10219.46', '2020-10-03 22:00:00', 36, 110),
(390, '11428.89', '2020-10-17 22:00:00', 2, 74),
(391, '18674.47', '2020-10-19 22:00:00', 63, 136),
(392, '1006.50', '2020-11-02 23:00:00', 132, 41),
(393, '19897.44', '2020-10-28 23:00:00', 2, 86),
(394, '4802.62', '2020-10-11 22:00:00', 82, 158),
(395, '12278.32', '2020-10-02 22:00:00', 123, 195),
(396, '7378.63', '2020-10-03 22:00:00', 35, 41),
(397, '19738.08', '2020-09-25 22:00:00', 100, 65),
(398, '19370.77', '2020-11-07 23:00:00', 127, 74),
(399, '745.51', '2020-09-26 22:00:00', 36, 10),
(400, '12095.91', '2020-10-14 22:00:00', 47, 123),
(401, '19593.54', '2020-11-05 23:00:00', 62, 73),
(402, '4983.62', '2020-10-20 22:00:00', 54, 54),
(403, '16970.93', '2020-10-05 22:00:00', 31, 3),
(404, '4705.57', '2020-10-13 22:00:00', 38, 110),
(405, '14363.36', '2020-10-16 22:00:00', 78, 36),
(406, '6909.14', '2020-10-29 23:00:00', 117, 13),
(407, '4203.10', '2020-09-30 22:00:00', 49, 80),
(408, '19356.38', '2020-10-15 22:00:00', 65, 153),
(409, '5250.40', '2020-10-24 22:00:00', 43, 133),
(410, '2843.33', '2020-10-04 22:00:00', 85, 66),
(411, '289.18', '2020-10-05 22:00:00', 92, 128),
(412, '18236.00', '2020-10-12 22:00:00', 65, 36),
(413, '11475.68', '2020-10-25 23:00:00', 42, 127),
(414, '2054.48', '2020-10-10 22:00:00', 87, 102),
(415, '18366.69', '2020-10-09 22:00:00', 84, 114),
(416, '477.55', '2020-11-07 23:00:00', 10, 41),
(417, '15113.05', '2020-10-25 23:00:00', 42, 2),
(418, '18689.55', '2020-11-04 23:00:00', 116, 80),
(419, '18098.04', '2020-10-30 23:00:00', 127, 178),
(420, '4007.60', '2020-09-28 22:00:00', 9, 158),
(421, '5484.13', '2020-09-29 22:00:00', 21, 105),
(422, '18375.78', '2020-11-05 23:00:00', 48, 111),
(423, '16322.43', '2020-10-13 22:00:00', 55, 74),
(424, '557.80', '2020-09-28 22:00:00', 137, 77),
(425, '10747.56', '2020-10-15 22:00:00', 95, 72),
(426, '13281.78', '2020-10-25 23:00:00', 106, 63),
(427, '8171.80', '2020-10-16 22:00:00', 115, 145),
(428, '909.56', '2020-10-06 22:00:00', 113, 146),
(429, '16327.86', '2020-10-28 23:00:00', 138, 59),
(430, '16299.10', '2020-10-14 22:00:00', 110, 13),
(431, '5311.36', '2020-10-05 22:00:00', 109, 130),
(432, '4500.07', '2020-10-02 22:00:00', 67, 86),
(433, '11326.81', '2020-10-15 22:00:00', 15, 174),
(434, '11132.42', '2020-10-08 22:00:00', 60, 123),
(435, '13416.00', '2020-11-01 23:00:00', 37, 151),
(436, '5478.31', '2020-10-01 22:00:00', 123, 43),
(437, '4075.77', '2020-10-30 23:00:00', 107, 54),
(438, '11909.06', '2020-10-25 23:00:00', 33, 11),
(439, '1953.33', '2020-10-02 22:00:00', 52, 69),
(440, '15213.52', '2020-11-01 23:00:00', 28, 110),
(441, '107.12', '2020-11-01 23:00:00', 122, 53),
(442, '19398.33', '2020-10-06 22:00:00', 51, 135),
(443, '9990.62', '2020-11-07 23:00:00', 66, 38),
(444, '7512.14', '2020-10-18 22:00:00', 3, 101),
(445, '17435.27', '2020-10-06 22:00:00', 71, 127),
(446, '3157.61', '2020-11-01 23:00:00', 133, 171),
(447, '16015.36', '2020-10-19 22:00:00', 80, 162),
(448, '19574.19', '2020-10-16 22:00:00', 124, 144),
(449, '18849.85', '2020-10-10 22:00:00', 29, 44),
(450, '9463.65', '2020-09-27 22:00:00', 58, 80),
(451, '20000.00', '2020-11-29 23:00:00', 260, 1);

-- --------------------------------------------------------

--
-- Table structure for table `employee`
--

CREATE TABLE `employee` (
  `ID` int(11) NOT NULL,
  `FirstName` varchar(255) NOT NULL,
  `LastName` varchar(255) NOT NULL,
  `Email` varchar(255) NOT NULL,
  `Password` varchar(300) NOT NULL,
  `Type` varchar(15) NOT NULL,
  `RegisterDate` timestamp NOT NULL DEFAULT CURRENT_TIMESTAMP,
  `LastUpdate` datetime DEFAULT NULL ON UPDATE CURRENT_TIMESTAMP
) ENGINE=InnoDB DEFAULT CHARSET=utf8;

--
-- Dumping data for table `employee`
--

INSERT INTO `employee` (`ID`, `FirstName`, `LastName`, `Email`, `Password`, `Type`, `RegisterDate`, `LastUpdate`) VALUES
(1, 'Linh', 'Hoang', 'l.lhoang@student.fontys.nl', '25d55ad283aa400af464c76d713c07ad', '1', '2020-11-14 09:50:24', '2020-11-17 21:28:25'),
(2, 'Nicolas', 'Brandes', 'n.brandes@student.fontys.nl', '25d55ad283aa400af464c76d713c07ad', '1', '2020-11-17 20:03:35', '2020-11-19 11:30:52'),
(3, 'Anh', 'Truong', 'ngockim.truong@student.fontys.nl', '25d55ad283aa400af464c76d713c07ad', '2', '2020-11-17 20:06:51', NULL);

-- --------------------------------------------------------

--
-- Table structure for table `event`
--

CREATE TABLE `event` (
  `ID` int(11) NOT NULL,
  `Name` varchar(255) NOT NULL,
  `Image` varchar(200) NOT NULL,
  `StartDate` date NOT NULL,
  `EndDate` date NOT NULL,
  `Location` varchar(255) NOT NULL,
  `Description` longtext NOT NULL
) ENGINE=InnoDB DEFAULT CHARSET=utf8;

--
-- Dumping data for table `event`
--

INSERT INTO `event` (`ID`, `Name`, `Image`, `StartDate`, `EndDate`, `Location`, `Description`) VALUES
(1, 'Festival of Art Haarlem', '1cb55fd77f27879ed1defde5b90fe0211605752399.jpg', '2020-08-28', '2020-09-07', 'Downtown Haarlem', 'Sed blandit nulla a tincidunt blandit. Curabitur sit amet mauris finibus, lobortis elit sit amet, efficitur eros. Cras consequat tortor est, ac volutpat urna accumsan et. Aenean consectetur, nibh a viverra elementum, tortor purus dapibus leo, sollicitudin finibus massa turpis eu lorem. Vestibulum sed est urna. Ut ante arcu, tristique et massa non, mattis rhoncus quam. Donec leo est, lacinia dapibus nunc ac, varius varius justo. Etiam egestas nisi est, sed elementum diam commodo suscipit. Fusce volutpat, mi vitae tristique varius, risus nisi venenatis dui, in gravida lectus ligula a tellus. Sed mattis fermentum ex, nec dapibus lacus aliquam.'),
(2, 'Art workshop', 'e5320ae87ca9e30825c2df2a5b18f4a61605752410.jpg', '2020-11-11', '2020-11-11', 'Workshop hall', 'Sed blandit nulla a tincidunt blandit. Curabitur sit amet mauris finibus, lobortis elit sit amet, efficitur eros. Cras consequat tortor est, ac volutpat urna accumsan et. Aenean consectetur, nibh a viverra elementum, tortor purus dapibus leo, sollicitudin finibus massa turpis eu lorem. Vestibulum sed est urna. Ut ante arcu, tristique et massa non, mattis rhoncus quam. Donec leo est, lacinia dapibus nunc ac, varius varius justo. Etiam egestas nisi est, sed elementum diam commodo suscipit. Fusce volutpat, mi vitae tristique varius, risus nisi venenatis dui, in gravida lectus ligula a tellus. Sed mattis fermentum ex, nec dapibus lacus aliquam.'),
(4, 'Kristy Kutch Colored Pencil Workshops', 'f1e124c1bc3ffc24035cc9338b1a6a3c1606851433.jpg', '2020-12-25', '2020-12-26', 'ABC Architecturcentrum', '<h4 class=\"wkshpTitle\" style=\"font-family: \" helvetica=\"\" neue\",=\"\" helvetica,=\"\" arial,=\"\" sans-serif;=\"\" font-weight:=\"\" bold;=\"\" line-height:=\"\" 1.1;=\"\" color:=\"\" rgb(51,=\"\" 51,=\"\" 51);=\"\" margin-top:=\"\" 10px;=\"\" margin-bottom:=\"\" font-size:=\"\" 18px;=\"\" caret-color:=\"\" text-size-adjust:=\"\" auto;\"=\"\"><span style=\"color: rgb(109, 109, 109); font-family: Muli, sans-serif; font-size: 1.08em;\">Kristy Kutch has been creating colored pencil art for almost thirty years and has been teaching colored pencil workshops since 1991. A teacher with a life license, she applies many basic learning principles to her workshops, enthusiastically meeting each student at the appropriate level. Beginners are always welcome, but even advanced artists benefit from Kristy\'s instruction. Offering demonstrations of techniques and the characteristics of different types of colored pencils, papers, and other related materials, Kristy covers a wide range of possibilities. Kristy is the author of</span><span class=\"Apple-converted-space\" style=\"color: rgb(109, 109, 109); font-family: Muli, sans-serif; font-size: 1.08em;\">&nbsp;</span><em style=\"color: rgb(109, 109, 109); font-family: Muli, sans-serif; font-size: 1.08em;\">Drawing and Painting with Colored Pencil</em><span class=\"Apple-converted-space\" style=\"color: rgb(109, 109, 109); font-family: Muli, sans-serif; font-size: 1.08em;\">&nbsp;</span><span style=\"color: rgb(109, 109, 109); font-family: Muli, sans-serif; font-size: 1.08em;\">and</span><span class=\"Apple-converted-space\" style=\"color: rgb(109, 109, 109); font-family: Muli, sans-serif; font-size: 1.08em;\">&nbsp;</span><em style=\"color: rgb(109, 109, 109); font-family: Muli, sans-serif; font-size: 1.08em;\">The New Colored Pencil</em><span style=\"color: rgb(109, 109, 109); font-family: Muli, sans-serif; font-size: 1.08em;\">. She is also the feature artist in the Artist Palette Productions DVD \"Colored Pencil Landscapes: Beyond The Basics\". Kristy\'s workshops are held nationwide; each is an enjoyable, supportive, memorable experience in a beautiful location.</span><span class=\"Apple-converted-space\" style=\"color: rgb(109, 109, 109); font-family: Muli, sans-serif; font-size: 1.08em;\">&nbsp;</span><br></h4>'),
(6, 'Explore Your True Creativity with Mixed Media', '37f536d0dab927df754fe03ecceb71ba1606851826.jpg', '2021-02-05', '2021-02-08', 'Frans Hals Museum - Hal', '<h4 class=\"wkshpTitle\" style=\"font-family: &quot;Helvetica Neue&quot;, Helvetica, Arial, sans-serif; font-weight: bold; line-height: 1.1; color: rgb(51, 51, 51); margin-top: 10px; margin-bottom: 10px; font-size: 18px; caret-color: rgb(51, 51, 51); text-size-adjust: auto;\"><span style=\"color: rgb(109, 109, 109); font-family: Muli, sans-serif; font-size: 1.08em; font-weight: normal;\">Are you a beginning artist or someone interested in starting a creative practice? Have prior art experience, but would like to take your creativity to the next level? Mixed Media is the perfect way to free up your creativity, especially if you feel blocked or hesitant to start.</span><span class=\"Apple-converted-space\" style=\"color: rgb(109, 109, 109); font-family: Muli, sans-serif; font-size: 1.08em; font-weight: normal;\">&nbsp;</span><span class=\"charcoalNav\" style=\"color: rgb(109, 109, 109); font-family: Muli, sans-serif; font-size: 1.08em; font-weight: normal;\"><a href=\"https://truecreativitywithin.com/my-story/\" target=\"_blank\" style=\"color: rgb(109, 109, 109);\"><u>Lisa Agaran</u></a></span><span class=\"Apple-converted-space\" style=\"color: rgb(109, 109, 109); font-family: Muli, sans-serif; font-size: 1.08em; font-weight: normal;\">&nbsp;</span><span style=\"color: rgb(109, 109, 109); font-family: Muli, sans-serif; font-size: 1.08em; font-weight: normal;\">is a professional artist, instructor and creativity coach. She not only teaches you the basics, she will also show you how to blend a variety of techniques, materials and mediums for artistic freedom. Lisa offers online courses and live Zoom classes such as Mixed Media Abstract, Book of Creative Awakenings, Mixed Media Minis and more. When you allow mistakes &amp; accidents into the creative process, artistic magic happens.</span><br></h4>'),
(7, 'Judy Mudd Watercolor Workshops and Classes', '6e12982db2cf1b5422f739aeef30a1881606851985.jpg', '2020-12-16', '2020-12-26', 'Kathedraal Museum', '<span style=\"caret-color: rgb(109, 109, 109); color: rgb(109, 109, 109); font-family: Muli, sans-serif; font-size: 15.12px; text-size-adjust: auto;\">Online Workshops and Classes! Learn how to paint in watercolor from home! Judy has taught students to paint in watercolor for over 15 years. Step-by-step, students have a bird\'s eye view of Judy\'s painting setup, and can see every move from drawing, mixing paint on her palette, to brushwork and more. Sessions include reference photos, drawing guides prior to class, then group discussion regarding artistic concept and composition, Q&amp;A, warmup exercises, and pauses during the painting process for student reviews. Many students love these online lessons better than in-person because they see so much. Plus, all workshop and class sessions are recorded and available to download and keep for review over and over.</span>'),
(8, 'Gibson House Art Workshops/Retreats ', '3ae5bfb2f5c66f764097d4eb1a5c48531606852170.jpg', '2021-03-12', '2021-03-31', 'Corrie ten Boom House - The Hiding Place', '<h4 class=\"wkshpTitle\" style=\"font-family: &quot;Helvetica Neue&quot;, Helvetica, Arial, sans-serif; font-weight: bold; line-height: 1.1; color: rgb(51, 51, 51); margin-top: 10px; margin-bottom: 10px; font-size: 18px; caret-color: rgb(51, 51, 51); text-size-adjust: auto;\"><br></h4><p style=\"margin-bottom: 10px; caret-color: rgb(51, 51, 51); color: rgb(51, 51, 51); font-family: &quot;Helvetica Neue&quot;, Helvetica, Arial, sans-serif; font-size: 14px; text-size-adjust: auto;\"></p><p class=\"description\" style=\"margin-bottom: 10px; font-size: 1.08em; line-height: 21.168px; font-family: Muli, sans-serif; color: rgb(109, 109, 109); text-size-adjust: auto;\">The Gibson House Bed and Breakfast overlooks the peaceful landscape of New Hampshire\'s pristine Upper Connecticut River Valley, offering an idyllic setting for artists\' workshops/retreats. You will find yourself inspired by the charming, unspoiled New England village and the picture-perfect village, garden and mountain views. Two 50-foot-long porches insure outdoor work and relaxation in any weather. And the 2000 square foot art gallery and workshop features 12 foot ceilings with great illumination. A wide variety of workshops are taught by an accomplished group of artists/instructors who have a passion for teaching all experience levels. Attending a Workshop at the Gibson House is an experience you will long remember.<span class=\"Apple-converted-space\">&nbsp;</span></p>'),
(9, 'Textile Art Workshop', 'eb4fe59e77480943e7849d3d3479f5cc1606852305.jpg', '2021-04-09', '2021-04-11', 'Het Dolhuys', '<span style=\"caret-color: rgb(114, 114, 114); color: rgb(114, 114, 114); font-size: 16px; text-size-adjust: auto;\">Venture into the fantastic world of fabrics, stitch and mixed materials to make distinctive artworks full of colour, texture and meaning.&nbsp; Courses designed to help you explore the tactile and expressive art form that is beloved by artists like Grayson Perry and Yinka Shonibare. Join for a term and have time to develop and build your artwork with help from experienced supportive tutors. No experience needed, you can learn the skills from scratch.</span>'),
(10, 'Printmaking Workshop', '715f7bf8011be721ddfb93551b9262ca1606852418.jpg', '2021-05-07', '2021-05-14', 'Draaiorgelmuseum Haarlem', '<p style=\"padding-bottom: 20px; color: rgb(114, 114, 114); font-size: 16px; text-size-adjust: auto;\">Printmaking is a rewarding and challenging art form that enables even beginners to achieve great results from simple beginnings</p><p style=\"padding-bottom: 20px; color: rgb(114, 114, 114); font-size: 16px; text-size-adjust: auto;\">With experienced tutor and artist Jackie Shackson, students will be taught a range of printmaking techniques including Collagraph and Linocuts.</p><p style=\"padding-bottom: 20px; color: rgb(114, 114, 114); font-size: 16px; text-size-adjust: auto;\">Printmaking workshops are run on an individual basis so you can pick a date and in your three hour session you should achieve a series of prints to be proud of. All materials are included as is use of the printing press.</p>'),
(11, 'SHORT & INTENSIVE MASTER CLASSES', '5ae32853b2750307e3d29e601ad3e4c01606852831.jpg', '2021-06-25', '2021-06-30', 'Museum Haarlem', '<font size=\"3\" style=\"caret-color: rgb(102, 102, 102); color: rgb(102, 102, 102); font-family: &quot;Open Sans&quot;; text-align: justify; text-size-adjust: auto;\">The workshops offered by DARA are<span class=\"Apple-converted-space\">&nbsp;</span><strong>2</strong><strong>-day to 5-day intensives that cover a variety of drawing and painting disciplines</strong>. Each of the workshops are led by classically trained artists and instructors from around the world. Workshops are an excellent opportunity to study and incorporate the methods of a variety of different artists, and are designed to complement the training offered in our Part-Time Programme of study.<br><br>Our workshop students enjoy a complimentary light lunch and a friendly studio environment to hone their skills in figurative drawing and painting. All workshops promote our studio\'s fundamental philosophy of<span class=\"Apple-converted-space\">&nbsp;</span><strong>achieving artistic excellence through the development of a high level of technique and draftsmanship.</strong></font><br style=\"caret-color: rgb(102, 102, 102); color: rgb(102, 102, 102); font-family: &quot;Open Sans&quot;; font-size: 17px; text-align: justify; text-size-adjust: auto;\"><br style=\"caret-color: rgb(102, 102, 102); color: rgb(102, 102, 102); font-family: &quot;Open Sans&quot;; font-size: 17px; text-align: justify; text-size-adjust: auto;\"><strong style=\"caret-color: rgb(102, 102, 102); color: rgb(102, 102, 102); font-family: &quot;Open Sans&quot;; font-size: 17px; text-align: justify; text-size-adjust: auto;\"><font size=\"3\"></font></strong><font size=\"3\" style=\"caret-color: rgb(102, 102, 102); color: rgb(102, 102, 102); font-family: &quot;Open Sans&quot;; text-align: justify; text-size-adjust: auto;\"><strong>Students of all levels of ability are welcome to register</strong>, although possessing some basic drawing skills will allow students to fully benefit from each course.</font>'),
(12, 'Still Life Painting with DIEGO GLAZER', '685b284b1f5b6d416d6f02113abf715f1606852995.jpg', '2021-10-26', '2021-10-30', 'Teylers Museum', '<br style=\"caret-color: rgb(102, 102, 102); color: rgb(102, 102, 102); font-family: &quot;Open Sans&quot;; font-size: 17px; text-align: justify; text-size-adjust: auto;\"><strong style=\"font-family: &quot;Open Sans&quot;; font-size: 17px; text-align: justify; text-size-adjust: auto; color: rgb(0, 0, 0);\">DATES:</strong><font color=\"#000000\" style=\"font-family: &quot;Open Sans&quot;; font-size: 17px; text-align: justify; text-size-adjust: auto;\">&nbsp;</font><span style=\"font-family: &quot;Open Sans&quot;; font-size: 17px; text-align: justify; text-size-adjust: auto; color: rgb(0, 0, 0);\">26 - 30 October</span><br style=\"caret-color: rgb(102, 102, 102); color: rgb(102, 102, 102); font-family: &quot;Open Sans&quot;; font-size: 17px; text-align: justify; text-size-adjust: auto;\"><strong style=\"font-family: &quot;Open Sans&quot;; font-size: 17px; text-align: justify; text-size-adjust: auto; color: rgb(0, 0, 0);\">HOURS:</strong><font color=\"#000000\" style=\"font-family: &quot;Open Sans&quot;; font-size: 17px; text-align: justify; text-size-adjust: auto;\">&nbsp;</font><span style=\"font-family: &quot;Open Sans&quot;; font-size: 17px; text-align: justify; text-size-adjust: auto; color: rgb(0, 0, 0);\">9:30 - 16:30 (lunch from 12:30 - 13:30), 30 hours total</span><br style=\"caret-color: rgb(102, 102, 102); color: rgb(102, 102, 102); font-family: &quot;Open Sans&quot;; font-size: 17px; text-align: justify; text-size-adjust: auto;\"><font color=\"#000000\" style=\"font-family: &quot;Open Sans&quot;; font-size: 17px; text-align: justify; text-size-adjust: auto;\"><strong>INSTRUCTOR:</strong>&nbsp;Diego Glazer<br><strong>LANGUAGE:</strong>&nbsp;English / Espaol<br><strong>LIMIT:</strong>&nbsp;10 artists maximum</font><br style=\"caret-color: rgb(102, 102, 102); color: rgb(102, 102, 102); font-family: &quot;Open Sans&quot;; font-size: 17px; text-align: justify; text-size-adjust: auto;\"><strong style=\"font-family: &quot;Open Sans&quot;; font-size: 17px; text-align: justify; text-size-adjust: auto; color: rgb(0, 0, 0);\">TUITION:</strong><span style=\"font-family: &quot;Open Sans&quot;; font-size: 17px; text-align: justify; text-size-adjust: auto; color: rgb(0, 0, 0);\">&nbsp;695 -&nbsp;</span><em style=\"position: relative; font-family: &quot;Open Sans&quot;; font-size: 17px; text-align: justify; text-size-adjust: auto; color: rgb(0, 0, 0);\">this&nbsp;</em><em style=\"position: relative; font-family: &quot;Open Sans&quot;; font-size: 17px; text-align: justify; text-size-adjust: auto; color: rgb(0, 0, 0);\">includes some materials, complimentary lunch and refreshments</em><div><em style=\"position: relative; font-family: &quot;Open Sans&quot;; font-size: 17px; text-align: justify; text-size-adjust: auto; color: rgb(0, 0, 0);\"><br></em></div><div><em style=\"position: relative; font-family: &quot;Open Sans&quot;; font-size: 17px; text-align: justify; text-size-adjust: auto; color: rgb(0, 0, 0);\"><span style=\"caret-color: rgb(102, 102, 102); color: rgb(102, 102, 102); font-size: medium; font-style: normal; text-size-adjust: auto;\">Study the art of still life painting in this intensive 5-day workshop with classically trained artist Diego Glazer. The still life genre has its roots in the Netherlands, where it emerged as a distinct and respected art form during the 16th century. Today, it remains widely popular among both artists and collectors, and serves as the perfect setting for painters to study compositional design, color theory, and brush handling.</span><br style=\"caret-color: rgb(102, 102, 102); color: rgb(102, 102, 102); font-style: normal; text-size-adjust: auto;\"><br style=\"caret-color: rgb(102, 102, 102); color: rgb(102, 102, 102); font-style: normal; text-size-adjust: auto;\"><span style=\"caret-color: rgb(102, 102, 102); color: rgb(102, 102, 102); font-size: medium; font-style: normal; text-size-adjust: auto;\">Over the course of 30 hours of instruction, demonstrations, and one-on-one critiques, students in this workshop will work from a simple still life arrangement in order to study how indirect oil paintings are constructed. Diego will guide his students through the process of learning different strategies and techniques that can be used for constructing complex, multi-layered paintings.</span><br style=\"caret-color: rgb(102, 102, 102); color: rgb(102, 102, 102); font-style: normal; text-size-adjust: auto;\"><br style=\"caret-color: rgb(102, 102, 102); color: rgb(102, 102, 102); font-style: normal; text-size-adjust: auto;\"><span style=\"caret-color: rgb(102, 102, 102); color: rgb(102, 102, 102); font-size: medium; font-style: normal; text-size-adjust: auto;\">The core concepts that will be explored are those that help students to understand how underpainting, glazing, scumbling, color, value, and edges can complement their vision and achieve a more detailed composition of their paintings. With these skills, students will be well prepared to paint and design highly competent still life studies from their own studios.</span><br></em></div>'),
(13, 'The Flesh Tones Workshop with TINA GARRETT', 'ffd41b92b83077d8acc15bf9c870494f1606853282.jpg', '2021-11-29', '2021-12-02', 'Frans Hals Museum - Hof', '<br style=\"caret-color: rgb(102, 102, 102); color: rgb(102, 102, 102); font-family: &quot;Open Sans&quot;; font-size: 17px; text-size-adjust: auto;\"><font color=\"#f24600\" style=\"font-family: &quot;Open Sans&quot;; font-size: 17px; text-size-adjust: auto;\"><strong>DATES:</strong>&nbsp;29 Nov - 2 Dec 2021</font><br style=\"caret-color: rgb(102, 102, 102); color: rgb(102, 102, 102); font-family: &quot;Open Sans&quot;; font-size: 17px; text-size-adjust: auto;\"><strong style=\"font-family: &quot;Open Sans&quot;; font-size: 17px; text-size-adjust: auto; color: rgb(0, 0, 0);\">HOURS:&nbsp;</strong><font color=\"#000000\" style=\"font-family: &quot;Open Sans&quot;; font-size: 17px; text-size-adjust: auto;\">9:30 - 16:30 (lunch from 12:30 - 13:30), 30 hours total</font><br style=\"caret-color: rgb(102, 102, 102); color: rgb(102, 102, 102); font-family: &quot;Open Sans&quot;; font-size: 17px; text-size-adjust: auto;\"><strong style=\"font-family: &quot;Open Sans&quot;; font-size: 17px; text-size-adjust: auto; color: rgb(0, 0, 0);\">INSTRUCTOR:</strong><font color=\"#000000\" style=\"font-family: &quot;Open Sans&quot;; font-size: 17px; text-size-adjust: auto;\">&nbsp;Tina Garrett</font><br style=\"caret-color: rgb(102, 102, 102); color: rgb(102, 102, 102); font-family: &quot;Open Sans&quot;; font-size: 17px; text-size-adjust: auto;\"><strong style=\"font-family: &quot;Open Sans&quot;; font-size: 17px; text-size-adjust: auto; color: rgb(0, 0, 0);\">LANGUAGE:</strong><font color=\"#000000\" style=\"font-family: &quot;Open Sans&quot;; font-size: 17px; text-size-adjust: auto;\">&nbsp;English</font><br style=\"caret-color: rgb(102, 102, 102); color: rgb(102, 102, 102); font-family: &quot;Open Sans&quot;; font-size: 17px; text-size-adjust: auto;\"><strong style=\"font-family: &quot;Open Sans&quot;; font-size: 17px; text-size-adjust: auto; color: rgb(0, 0, 0);\">LIMIT:</strong><font color=\"#000000\" style=\"font-family: &quot;Open Sans&quot;; font-size: 17px; text-size-adjust: auto;\">&nbsp;12 artists maximum</font><br style=\"caret-color: rgb(102, 102, 102); color: rgb(102, 102, 102); font-family: &quot;Open Sans&quot;; font-size: 17px; text-size-adjust: auto;\"><strong style=\"font-family: &quot;Open Sans&quot;; font-size: 17px; text-size-adjust: auto; color: rgb(0, 0, 0);\">TUITION:</strong><font color=\"#000000\" style=\"font-family: &quot;Open Sans&quot;; font-size: 17px; text-size-adjust: auto;\">&nbsp;980 -&nbsp;</font><em style=\"position: relative; font-family: &quot;Open Sans&quot;; font-size: 17px; text-size-adjust: auto; color: rgb(0, 0, 0);\">this&nbsp;</em><em style=\"position: relative; font-family: &quot;Open Sans&quot;; font-size: 17px; text-size-adjust: auto; color: rgb(0, 0, 0);\">includes all model fees, some materials, complimentary lunch and refreshments</em>'),
(14, 'Workshop Wintervogeltjes', '7794c1068f90801d55bce7c4968325c91606854147.jpg', '2021-07-27', '2021-06-28', 'Restaurant De Kleine Haag', '<h3 class=\"section__lead\" style=\"margin-top: 0.5rem; margin-bottom: 0.5rem; font-family: Lato, sans-serif; font-weight: 700; line-height: 1.5; color: rgb(0, 0, 0); font-size: 1.1rem; caret-color: rgb(0, 0, 0); letter-spacing: 2.72px; text-size-adjust: auto;\">Event details</h3><div class=\"section__main-content\" style=\"font-size: 16px; caret-color: rgb(0, 0, 0); color: rgb(0, 0, 0); letter-spacing: 2.72px; text-size-adjust: auto;\"><div class=\"event__detail-container\"><p class=\"event__detail\" style=\"margin-bottom: 1rem; padding-left: 10rem; font-size: 1rem;\"><span class=\"event__detail-label\" style=\"margin-left: -10rem; display: inline-block; width: 9.5rem; font-weight: 700;\">Locatie</span><span class=\"Apple-converted-space\">&nbsp;</span><span class=\"event__detail-content\"><a href=\"https://artpub.nl/locatie/restaurant-de-kleine-haag\" title=\"Restaurant De Kleine Haag\" data-toggle=\"modal\" data-target=\"#restaurant-de-kleine-haag-location-modal\" style=\"color: rgb(0, 0, 0); text-decoration-line: underline;\">Restaurant De Kleine Haag</a><br>Noordeinde 41B<br>1485 ET<br>Noordeinde<br></span></p><p class=\"event__detail\" style=\"margin-bottom: 1rem; padding-left: 10rem; font-size: 1rem;\"><span class=\"event__detail-label\" style=\"margin-left: -10rem; display: inline-block; width: 9.5rem; font-weight: 700;\">Datum</span><span class=\"Apple-converted-space\">&nbsp;</span>woensdag 27 januari 2021</p><p class=\"event__detail\" style=\"margin-bottom: 1rem; padding-left: 10rem; font-size: 1rem;\"><span class=\"event__detail-label\" style=\"margin-left: -10rem; display: inline-block; width: 9.5rem; font-weight: 700;\">Tijdstip</span><span class=\"Apple-converted-space\">&nbsp;</span>19:30</p><p class=\"event__detail\" style=\"margin-bottom: 1rem; padding-left: 10rem; font-size: 1rem;\"><span class=\"event__detail-label\" style=\"margin-left: -10rem; display: inline-block; width: 9.5rem; font-weight: 700;\">Kunstenaar</span><span class=\"Apple-converted-space\">&nbsp;</span><span class=\"event__detail-content\"><a href=\"https://artpub.nl/docenten/angelique\" title=\"More about Angelique\" style=\"color: rgb(0, 0, 0); text-decoration-line: underline;\">Angelique</a></span></p><p class=\"event__detail\" style=\"margin-bottom: 1rem; padding-left: 10rem; font-size: 1rem;\"><span class=\"event__detail-label\" style=\"margin-left: -10rem; display: inline-block; width: 9.5rem; font-weight: 700;\">Prijs</span><span class=\"Apple-converted-space\">&nbsp;</span><span class=\"event__detail-content\">&nbsp;29,50 - &nbsp;34,50</span></p></div></div>'),
(15, 'Workshop Struisy', '9998f061dca25f0639da05e2c351d0771606854232.jpg', '2021-01-17', '2020-12-18', 'Restaurant Mirror Paviljoen', '<h3 class=\"section__lead\" style=\"margin-top: 0.5rem; margin-bottom: 0.5rem; font-family: Lato, sans-serif; font-weight: 700; line-height: 1.5; color: rgb(0, 0, 0); font-size: 1.1rem; caret-color: rgb(0, 0, 0); letter-spacing: 2.72px; text-size-adjust: auto;\">Event details</h3><div class=\"section__main-content\" style=\"font-size: 16px; caret-color: rgb(0, 0, 0); color: rgb(0, 0, 0); letter-spacing: 2.72px; text-size-adjust: auto;\"><div class=\"event__detail-container\"><p class=\"event__detail\" style=\"margin-bottom: 1rem; padding-left: 10rem; font-size: 1rem;\"><span class=\"event__detail-label\" style=\"margin-left: -10rem; display: inline-block; width: 9.5rem; font-weight: 700;\">Locatie</span><span class=\"Apple-converted-space\">&nbsp;</span><span class=\"event__detail-content\"><a href=\"https://artpub.nl/locatie/monnickendam-het-mirror-paviljoen\" title=\"Restaurant Mirror Paviljoen\" data-toggle=\"modal\" data-target=\"#monnickendam-het-mirror-paviljoen-location-modal\" style=\"color: rgb(0, 0, 0); text-decoration-line: underline;\">Restaurant Mirror Paviljoen</a><br>Hemmeland 1<br>1141 LA<br>Monnickendam<br></span></p><p class=\"event__detail\" style=\"margin-bottom: 1rem; padding-left: 10rem; font-size: 1rem;\"><span class=\"event__detail-label\" style=\"margin-left: -10rem; display: inline-block; width: 9.5rem; font-weight: 700;\">Datum</span><span class=\"Apple-converted-space\">&nbsp;</span>zondag 17 januari 2021</p><p class=\"event__detail\" style=\"margin-bottom: 1rem; padding-left: 10rem; font-size: 1rem;\"><span class=\"event__detail-label\" style=\"margin-left: -10rem; display: inline-block; width: 9.5rem; font-weight: 700;\">Tijdstip</span><span class=\"Apple-converted-space\">&nbsp;</span>14:00</p><p class=\"event__detail\" style=\"margin-bottom: 1rem; padding-left: 10rem; font-size: 1rem;\"><span class=\"event__detail-label\" style=\"margin-left: -10rem; display: inline-block; width: 9.5rem; font-weight: 700;\">Kunstenaar</span><span class=\"Apple-converted-space\">&nbsp;</span><span class=\"event__detail-content\"><a href=\"https://artpub.nl/docenten/angelique\" title=\"More about Angelique\" style=\"color: rgb(0, 0, 0); text-decoration-line: underline;\">Angelique</a></span></p><p class=\"event__detail\" style=\"margin-bottom: 1rem; padding-left: 10rem; font-size: 1rem;\"><br></p></div></div>'),
(16, 'Workshop Naaktmodel Schilderen', 'dc2b234e716b94bf12ecf36c6b07d9b01606854362.jpg', '2021-07-22', '2021-07-23', 'Het Dolhuys', '<h3 class=\"section__lead\" style=\"margin-top: 0.5rem; margin-bottom: 0.5rem; font-family: Lato, sans-serif; font-weight: 700; line-height: 1.5; color: rgb(0, 0, 0); font-size: 1.1rem; caret-color: rgb(0, 0, 0); letter-spacing: 2.72px; text-size-adjust: auto;\">Dit is onze spannendste workshop: naaktmodel schilderen. Stiekem altijd al eens een naaktmodel willen schilderen? Een unieke ervaring, iets wat je waarschijnlijk niet elke dag doet. Het is een hilarisch, maar tegelijkertijd artistiek en gezellig programma van 2 uur.</h3>');

-- --------------------------------------------------------

--
-- Table structure for table `news`
--

CREATE TABLE `news` (
  `ID` int(11) NOT NULL,
  `Title` varchar(255) NOT NULL,
  `Category` varchar(255) NOT NULL,
  `Image` varchar(200) NOT NULL,
  `Content` longtext NOT NULL,
  `PostingDate` timestamp NOT NULL DEFAULT CURRENT_TIMESTAMP,
  `LastUpdate` datetime DEFAULT NULL ON UPDATE CURRENT_TIMESTAMP,
  `EmpID` int(11) NOT NULL
) ENGINE=InnoDB DEFAULT CHARSET=utf8;

--
-- Dumping data for table `news`
--

INSERT INTO `news` (`ID`, `Title`, `Category`, `Image`, `Content`, `PostingDate`, `LastUpdate`, `EmpID`) VALUES
(4, 'Pace to take over Blain Southern\'s former gallery in London expansion', 'Art Market', '1c61647f7203a68debc5eccc5a2b7a891605795074.jpg', '<p style=\"text-align: justify;\">A pandemic combined with the imminent Brexit deadline on 1 January 2021 might not seem the best time for a US-based gallery to take on a new London premises.\r\n\r\nBut Pace never has been cautious in its approach to gallery expansion.\r\n\r\nSo it is taking on a huge 8,600 sq. ft street level gallery, previously occupied by the now-defunct Blain Southern, at 4 Hanover Square in Mayfair, which will open in autumn 2021 following a major overhaul by Jamie Fobert Architects. Fobert designed Pace\'s original London gallery on Lexington Street, Soho, in 2011. The renovated space will feature two ground floor galleries, two private viewing rooms and the architect will also open up the basement level to create an additional 1,000 sq. ft gallery, reached by a black steel \"feature staircase\".\r\n\r\nPace, according to a statement, hopes to develop a \"more robust exhibition schedule\" at the new gallery, which will replace its home since 2012 at 6 Burlington Gardens, inside the Royal Academy of Arts building, which will close in summer 2021. According to the statement, Pace also hopes to \"engage with more European artists and continue to grow its contemporary programme\" through the beefed-up exhibition space. The new gallery space will also have room for live and experimental programmingsomething the gallery has been investing in heavily recently with its art and technology arm PaceX (launched last year) and the Superblue experiential art centre opening in Miami next month.\r\n\r\nPace\'s president and chief executive Marc Glimcher says this larger gallery footprint... brings with it an expanding ambition for Pace in Europe\". Marian Goodman gallery recently announced the closure of its London space because, as Goodman said at the time, \"the current health crisis and Brexit have introduced even more uncertainty into the market, especially for galleries operating in London\".\r\n\r\nBut Glimcher is undeterred: \"This is a time for investment and faith in London. Its role as a cultural hub remains undisputed given the number of world class institutions on its turf, and even staring into the face of Brexit I am convinced that London will remain an economic capital of Europe and a crucial centre for the art market.\"\r\n\r\nHanover Square is currently one big building site due to the construction of the major Crossrail train and tube station, linking central London to Heathrow airport, and the building of a new Mandarin Oriental hotel.\r\n\r\nPace will no doubt hope that this announcement will take some attention away from reports on Artnet News in the past week of allegations of a \"toxic\" working environment and physical and verbal abuse of employees by two of the gallery\'s longstanding presidents in the US, Susan Dunne and Douglas Baxter. The gallery is currently conducting an investigation into these allegations and Baxter has taken an indefinite leave of absence.\r\n\r\nIn a statement given to The Art Newspaper today, the gallery says: \"We have had our share of workplace issues in the past and have worked to address them as they have been brought to our attention. The specific accusations being raised here refer to conduct that is unacceptable. We take these allegations very seriously and will bring them to the attention of our independent consultant and HR department to be investigated as part of our ongoing work. This behaviour does not reflect our values and that is why we are implementing structural change and accountability measures to ensure it does not occur in the future.\" \r\n\r\nRegarding Baxter, Glimcher said in an internal email to gallery staff: \"The investigation being conducted by outside counsel will continue to move forward as planned and Douglas has assured me of his complete cooperation. I want to emphasise that the investigation is as much about Pace as it is about the individuals on which it is focusing. I remain committed to using its findings to inform the policies and processes we are putting in place to ensure that Pace is a positive and equitable place to work.\"\r\n\r\nSource : https://www.theartnewspaper.com/</p>', '2020-11-19 14:11:14', '2020-11-19 15:26:54', 1),
(5, 'Pastures new: why some top gallery staff are moving on from longtime jobs', 'Art Market', 'd0ec5e76c3b1ccd37fd80f660feea9c01605795476.jpg', '<p style=\"text-align: justify;\">Personal Gmail accounts have been reactivated as some experienced gallery staff are either unexpectedly looking for work or seizing the (pandemic) day to try something new. Among the latter, recent senior level departures include Gary Waterston, at Gagosian gallery for 18 years and latterly as its managing director for Europe; Graham Steele, a partner at Hauser & Wirth and a force in its Los Angeles gallery; and Lock Kresler, a senior director at Lvy Gorvy and at the helm of its London outpost.\r\n\r\nThe circumstances of each departure are of course different, but uniting this trio is a sense that the introspection and out-of-office time afforded by the Covid-19 pandemic have forced a rethink. Kresler, who started at Lvy Gorvy in 2014, and just a week before his first child was born, feels that the London gallery has grown into a more self-sufficient and larger operation and that working from home distilled the need to strike a different balance. Now I have two kids and want more flexibility, he saysthough he and Waterston are keeping their next moves close to their chests.\r\n\r\nThe chances areas with Steele, who is starting a new private dealershipthat neither is going to another traditional gallery role. The industrys already-strained needs changed overnight once lockdowns struck. While in the Before Time, galleries needed as many staff as possibleto juggle art fairs, multiple installs and plenty of client entertainmentthese arent coming back soon. Neither, on reflection, do they add up to a well-balanced life.\r\n\r\nWhat hasnt changed is a broad appetite for art. The growth that everybody became so comfortable with will just manifest itself differently, says Waterston. He compares the art market favourably with more challenged industries such as hospitality.\r\n\r\nIt is optimistic, but theres comfort to take from this right now. Just as after the last economic crisis, out of which the art adviser industry seemed to grow, an entrepreneurial spirit is emerging from the Covid crisis. Graham Southern, who left Blain Southern last year (before the gallery he co-founded went into administration and shut down), has started an artist management business, a relatively untapped area that many think will grow more. I didnt predict the pandemic, but this seems even more relevant since, Southern says. Digital advances will also not disappear in the After Time and will create opportunities for those who can harness and adapt them best.\r\n\r\nThe latest Art Basel & UBS Art Market Report found that, on average, a third of the 795 galleries surveyed cut their staff in the first six months of 2020. Separate research by UBSs Global Wealth team has also found a surge in new business formation in major economies around the world, including in the US, where business registrations are up 14% compared to the same period last year. This, the bank finds, is not just about finding something to do, but represents a gauge of economic confidence.\r\n\r\nWeve been thrown a curve ball, and not every new idea is going to fly. But crises disrupt industries, throw out accepted norms to make way for new, entrepreneurial modelsparticularly when married with long experience. Right now, fortune favours the brave.\r\n\r\nSource : https://www.theartnewspaper.com/</p>', '2020-11-19 14:17:56', '2020-11-19 15:28:02', 1);

-- --------------------------------------------------------

--
-- Table structure for table `page`
--

CREATE TABLE `page` (
  `ID` int(11) NOT NULL,
  `Type` varchar(15) NOT NULL,
  `Title` varchar(255) NOT NULL,
  `Description` longtext NOT NULL,
  `CreationDate` timestamp NOT NULL DEFAULT CURRENT_TIMESTAMP,
  `LastUpdate` datetime DEFAULT NULL ON UPDATE CURRENT_TIMESTAMP,
  `EmpID` int(11) NOT NULL
) ENGINE=InnoDB DEFAULT CHARSET=utf8;

--
-- Dumping data for table `page`
--

INSERT INTO `page` (`ID`, `Type`, `Title`, `Description`, `CreationDate`, `LastUpdate`, `EmpID`) VALUES
(1, 'aboutus', 'About Us', '<div style=\"text-align: justify;\">We are here to bring people into contact with the richness of Haarlems art and culture.&nbsp;</div><div style=\"text-align: justify;\">We provide art activities such as annual art festival, workshops, exhibitions, etc for artists, tourists and locals of Haarlem...</div>', '2020-11-14 10:10:21', '2020-11-17 20:10:05', 1),
(2, 'contactus', 'Contact Us', '<div><div><b>Email: </b>lan@fhict.nl&nbsp;</div><div><b>Phone: </b>0664926868</div></div><b>Address:</b> Rachelsmolen 1, 5612 MA<div>Eindhoven, Netherlands</div>', '2020-11-14 10:11:21', '2020-11-16 13:52:30', 1);

-- --------------------------------------------------------

--
-- Table structure for table `partner`
--

CREATE TABLE `partner` (
  `ID` int(10) NOT NULL,
  `Name` varchar(200) NOT NULL,
  `Category` varchar(200) NOT NULL,
  `Address` varchar(200) NOT NULL,
  `Image` varchar(200) NOT NULL,
  `Description` longtext NOT NULL,
  `CreationDate` timestamp NOT NULL DEFAULT CURRENT_TIMESTAMP,
  `LastUpdate` datetime DEFAULT NULL ON UPDATE CURRENT_TIMESTAMP,
  `EmpID` int(11) NOT NULL
) ENGINE=InnoDB DEFAULT CHARSET=utf8mb4;

--
-- Dumping data for table `partner`
--

INSERT INTO `partner` (`ID`, `Name`, `Category`, `Address`, `Image`, `Description`, `CreationDate`, `LastUpdate`, `EmpID`) VALUES
(1, 'ABC Architecturcentrum', 'Art & Design', 'Groot Heiligland 47', 'd4816ede8163b523121acaff3556bd161604442500.png', '<div style=\"text-align: justify;\">The ABC is the center for architecture and urban development in Haarlem and the Kennemerland region. We want to share our passion for the built environment with you. For this we organize activities and exhibitions for young and old. Activities and Exhibitions You can contact us for exhibitions, lectures, symposia, discussions, workshops and also children\'s parties. If an exhibition lends itself to it, we organize interesting excursions. For us, architecture and urban design is about all art forms associated with it; interior architecture, urban design, spatial planning, and garden and landscape architecture. \'Museum\' Although we are not an official museum, since 1 July 2018 we do accept the Museum Card and you can also enter us for free. This is because the Museum Association has accepted us as an \'affiliated member\' on the basis of policy, organization and exhibitions.</div><div style=\"text-align: justify;\"><br></div>', '2020-11-14 09:52:50', '2020-11-17 20:10:29', 1),
(2, 'Archeologisch Museum Haarlem', 'History & Anthropology', 'Grote Markt 18k ', '62b70f1b699c9fd94ce16ef66361d6531604443476.jpeg', '<div style=\"text-align: justify;\">The Archaeological Museum Haarlem is located in the seventeenth century vaulted cellar of the Vleeshal on the Grote Markt in the center of Haarlem. It is a museum of urban archeology; with archaeological finds from Haarlem and surroundings. \r\n\r\nThe Archaeological Museum takes children into account. The showcases have a pleasant height for children. There are treasure hunts and you can work as an archaeologist in our mini excavation. Do you want to come with your class; which can. Especially for school classes, there are guided tours that are expanded with assignments, such as the identification of shards or soil samples.</div>', '2020-11-14 09:52:53', '2020-11-17 20:10:45', 1),
(3, 'Artisklas Haarlem', 'Nature & Natural History', 'Arthur van Schendelpad 1 ', '92abdd6d58efda40e5bab7586187fcf21604443845.jpg', '<div style=\"text-align: justify;\">The Artisklas Haarlem Foundation is located in Haarlem-Noord and is the smallest official zoo in the Netherlands. The foundation has four point houses and an outside area with a number of accommodations. In one of the houses different types of reptiles and invertebrates are housed. A second house contains the first and only diorama of Haarlem with eight biotopes and the (stuffed) animals belonging to them. Here are also animals in \r\n\r\nformaldehyde, a collection of skulls, shells, etc. House no. Three is used as a feed kitchen, feed storage and quarantine. The fourth house serves as a cash register, class room, office, canteen for employees, emergency treatment room, etc. The outdoor enclosures include a number of larger animals. \r\n\r\n  \r\n\r\nWe are open to the public on Saturday and Sunday and you can come and see our animals and enjoy. \r\n\r\nHowever, our animals come first and can, if they wish, always hide. \r\n\r\n  \r\n\r\nOur volunteers have all kinds of tricks for many animals to lure them out and they are of course always happy to answer any questions you may have. \r\n\r\n  \r\n\r\nIn this we also distinguish ourselves from the larger zoos, since the small scale allows us to spend more time on human / animal contact and direct education.</div>', '2020-11-14 09:52:56', '2020-11-17 20:10:50', 1),
(4, 'Corrie ten Boom House - The Hiding Place', 'History & Anthropology', 'Barteljorisstraat 19', '1d747a63901970ca2fe344695b2109231604443908.jpg', '<div style=\"text-align: justify;\">The Corrie ten Boom Museum is located in the house where three generations of the Ten Boom family lived between 1837 and 1945. The Corrie ten Boom House can only be visited with a guided tour. During a tour, visitors receive information about Corrie and her family, and about the events that took place in the Ten Boom house before and during the Second World War. Visitors can see the hiding place, family photographs and objects from the Second World War. The entire upper floor has been made into an exhibition hall.&nbsp;</div>', '2020-11-14 09:52:59', '2020-11-17 20:12:11', 1),
(5, 'Draaiorgelmuseum Haarlem', 'Specialized & Alternative', 'Kuppersweg 3', 'e729e49976cb3916c920c6c8f93bc0cc1604443976.jpg', '<div style=\"text-align: justify;\">The museum shows a collection of different pieces, like some dance, cafe, street and fair organs. Het Kunkels Orgel is a concert organ and the biggest of its type in Europe. There are also theater organs, like Lady Compton, that were used for the musical accompaniment of silent films. The eldest organ in the museum dates from 1900. \r\n\r\n  \r\n\r\nIn the museum concerts with organs are held frequently. One of the used instruments is De Lange Gavioli that can be heard since a long restoration was fulfilled in 2016. An organ that was borrowed for some years, was the Pod (nl), a sister organ of the Schuyt; the latter one was built by Carl Frei, shortly later than Het Kunkels Orgel. Next to that, the museum frequently organizes barrel organ events.&nbsp;</div>', '2020-11-14 09:53:02', '2020-11-17 20:13:03', 1),
(6, 'Frans Hals Museum - Hal', 'Art & Design', 'Grote Markt 16', 'b453a56cc43fbd1939d15dc7aa97b51d1604444681.jpg', '<div style=\"text-align: justify;\">Frans Hals Museum - Hal (until March 29 2018: De Hallen Haarlem) is one of the two locations of the Frans Hals Museum, located on the Grote Markt, Haarlem, Netherlands, where modern and contemporary art is on display in alternating presentations. The emphasis is on contemporary photograph and video presentations, with the focus on Man and society. \r\n\r\n  \r\n\r\nThe museum consists of three different buildings, the Vleeshal (Flesher\'s hall) on the east side and the Verweyhal (named for Kees Verwey) on the west side are two large \"halls\" sandwiching the small entrance building. All three buildings are National Heritage sites today.</div>', '2020-11-14 09:53:04', '2020-11-17 20:13:16', 1),
(7, 'Frans Hals Museum - Hof', 'Art & Design', 'Groot Heiligland 62', '4cbdcd21e3281d5d759596fe5da698dd1604444737.jpg', '<div style=\"text-align: justify;\">The Frans Hals Museum is divided over two locations: Hof and Hal. They are a short but pleasant walk through historic Haarlem apart. \r\n\r\nOld men originally lived at the Hof location, which now houses art treasures. In the Golden Age they enjoyed their golden years here. But since 1913, the urban art collection has been exhibited around the courtyard at the Groot Heiligland, with numerous highlights from the same Golden Age. \r\n\r\n1908 the municipality bought the premises to exhibit the urban art collection. It hung way too tight in the town hall. Large parts of the old men\'s house were demolished and rebuilt in an early 17th-century style, after a design by city architect Lucas Christiaan Dumont. From May 14, 1913, the public could enjoy the Frans Hals Museum.</div>', '2020-11-14 09:53:06', '2020-11-17 20:13:37', 1),
(8, 'Het Dolhuys', 'Specialized & Alternative', 'Schotersingel 2', '9beb3e735045dec35671b961657191731604444795.jpg', '<div style=\"text-align: justify;\">The Dolhuys in the North Holland city of Haarlem is a museum in a former madhouse , where insane people have been cared for since the 16th century. The main theme of the museum is the psyche and spirit of man in all its facets. \r\n\r\nThe Dolhuys is a so-called experience museum: it is not about the collection of objects but about experiences and opinions and wants to show that the line between crazy and normal is sometimes difficult to draw. The museum provides an overview of how \'madness\' has been dealt with over the centuries. In addition to the permanent exhibition, there are changing exhibitions. Visitors can test themselves: \'How normal are you?\'. The museum also has a collection of art, including a number of important works by outsider artist Willem van Genk . \r\n\r\nIn 2005 the museum won the Dutch Design Prize in the Exhibition &amp; Experience Design category . In 2007 it received an honorable mention at the European Museum of the Year Award .&nbsp;</div>', '2020-11-14 09:53:08', '2020-11-17 20:13:53', 1),
(9, 'Kathedraal Museum', 'Art & Design ', 'Leidsevaart 146', 'a85178dd14ada013bb902ff99539fb081604444846.jpg', '<div style=\"text-align: justify;\">The museum contains special art treasures including paintings, sculptures, banners, liturgical silverware by Louis Napoleon and currently 150 postcards about the cathedral and an exhibition about the restoration. The museum is located in the crypt under the choir and includes a large, attractively decorated exhibition room. \r\n\r\nIn time, expansion will follow in spaces under the ambulatory and the radial chapels. The Cathedral Museum is the continuation of the Treasury of the Katehdraal, which existed from 1973 to 2009. The Treasury was housed in the relatively small Episcopal Sacristy. The growth of the collection and the increase in the public made expansion necessary.&nbsp;</div>', '2020-11-14 09:53:10', '2020-11-17 20:14:01', 1),
(10, 'Koepelkathedraal Haarlem', 'History & Anthropology', 'Bisschop Bottemanneplein 2014', '44be73dfc8120015388421da865627451604444894.jpeg', '<div style=\"text-align: justify;\">The Dome Cathedral of Haarlem is unique and, with the Sagrada Familia, the Sacr-Coeur, the Westminster Cathedral and the Basilica of Koekelberg, is one of the top five most important churches in the world built between 1850 and 1950. The mighty cathedral was designed by Joseph Cuypers and is bigger than Cologne Cathedral. It has 12 large and small towers and a dome of 65 meters high! The cathedral contains architectural styles such as neo-gothic, neo-Romanesque, Jugendstil and style elements of the Amsterdam School and Berlage.&nbsp;</div>', '2020-11-14 09:53:13', '2020-11-17 20:14:09', 1),
(11, 'Museum Haarlem', 'History & Anthropology ', 'Groot Heiligland 47', 'f884b671c005191af876755f5e476eb31604444990.jpeg', '<div style=\"text-align: justify;\">Museum Haarlem is a museum in Haarlem about the history and cultural heritage of Haarlem and Zuid-Kennemerland . The city museum is located in the historic center of Haarlem at Groot Heiligland 47, diagonally opposite the Frans Hals Museum . \r\n\r\n  \r\n\r\nThe permanent exhibition portrays eight centuries of city and regional history of Haarlem and Zuid-Kennemerland. This exhibition deals with the Golden Age when Haarlem was one of the most powerful and richest cities in Holland, the 19th century when the city experienced a new rich period and recent history due to industrialization. The exhibition is divided into the themes of work, living, power, faith and art and science. \r\n\r\n  \r\n\r\nEvery six months there is an exhibition on a theme from the history of Haarlem and Zuid-Kennemerland. There are also changing exhibitions of Haarlem artists.</div>', '2020-11-14 09:53:15', '2020-11-17 20:14:17', 1),
(12, 'NZH Public Transport Museum', 'Science & Technology', 'A.Hofmanweg 35', 'cbdcbb48609a187af240476381b7a16b1604445051.jpeg', '<div style=\"text-align: justify;\">The museum was opened in 1996 and aims to conserve the cultural heritage of the old tramway lines in the region, located on the historic tram depot of the Eerste Nederlandsche Electrische Tram-Maatschappij, built in 1899, which later in 1904 became the tram depot of the Electrische Spoorweg-Maatschappij (ESM), and still later the bus depot of the NZH. The tram line Amsterdam  Haarlem  Zandvoort ran until August 31, 1957, when trams were replaced by buses. The bus depot closed in 2006, but the museum is located on a small piece of land still owned by the NZH at the back.&nbsp;</div>', '2020-11-14 09:53:18', '2020-11-17 20:14:27', 1),
(13, 'Teylers Museum', 'Science & Technology ', 'Spaarne 16', 'f90451b04784260be72557060adfbf851604445096.jpg', '<div style=\"text-align: justify;\">Teylers Museum (Dutch pronunciation: [tilrs myzejm]) is an art, natural history, and science museum in Haarlem, Netherlands. Established in 1778, Teylers Museum was founded as a centre for contemporary art and science. The historic centre of the museum is the neoclassical Oval Room (1784), which was built behind the house of Pieter Teyler van der Hulst (17021778), the so-called Fundatiehuis (Foundation House). Pieter Teyler was a wealthy cloth merchant and banker of Scottish descent, who bequeathed his fortune for the advancement of religion, art, and science. He was a Mennonite and follower of the Scottish Enlightenment.</div>', '2020-11-14 09:53:20', '2020-11-17 20:14:35', 1);

-- --------------------------------------------------------

--
-- Table structure for table `ticket`
--

CREATE TABLE `ticket` (
  `ID` int(11) NOT NULL,
  `Title` varchar(255) NOT NULL,
  `Description` longtext NOT NULL,
  `Price` decimal(10,2) NOT NULL,
  `Quantity` int(10) NOT NULL,
  `DateBegin` date NOT NULL,
  `TicketTypeID` int(11) NOT NULL,
  `EventID` int(11) NOT NULL
) ENGINE=InnoDB DEFAULT CHARSET=utf8;

--
-- Dumping data for table `ticket`
--

INSERT INTO `ticket` (`ID`, `Title`, `Description`, `Price`, `Quantity`, `DateBegin`, `TicketTypeID`, `EventID`) VALUES
(1, '1-Day ticket Teenager Art Festival Haarlem', 'Teenager ticket', '8.00', 250, '2020-08-28', 1, 1),
(2, '1-Day ticket Teenager Art Festival Haarlem', 'Teenager ticket', '8.00', 250, '2020-08-29', 1, 1),
(3, '1-Day ticket Teenager Art Festival Haarlem', 'Teenager ticket', '8.00', 250, '2020-08-30', 1, 1),
(4, '1-Day ticket Teenager Art Festival Haarlem', 'Teenager ticket', '8.00', 250, '2020-08-31', 1, 1),
(5, '1-Day ticket Teenager Art Festival Haarlem', 'Teenager ticket', '8.00', 250, '2020-09-01', 1, 1),
(6, '1-Day ticket Teenager Art Festival Haarlem', 'Teenager ticket', '8.00', 250, '2020-09-02', 1, 1),
(7, '1-Day ticket Teenager Art Festival Haarlem', 'Teenager ticket', '8.00', 250, '2020-09-03', 1, 1),
(8, '1-Day ticket Teenager Art Festival Haarlem', 'Teenager ticket', '8.00', 250, '2020-09-04', 1, 1),
(9, '1-Day ticket Teenager Art Festival Haarlem', 'Teenager ticket', '8.00', 250, '2020-09-05', 1, 1),
(10, '1-Day ticket Teenager Art Festival Haarlem', 'Teenager ticket', '8.00', 250, '2020-09-06', 1, 1),
(11, '1-Day ticket Teenager Art Festival Haarlem', 'Teenager ticket', '8.00', 250, '2020-09-07', 1, 1),
(12, '1-Day ticket Adult Art Festival Haarlem', 'Adult ticket', '12.00', 400, '2020-08-28', 2, 1),
(13, '1-Day ticket Adult Art Festival Haarlem', 'Adult ticket', '12.00', 400, '2020-08-29', 2, 1),
(14, '1-Day ticket Adult Art Festival Haarlem', 'Adult ticket', '12.00', 400, '2020-08-30', 2, 1),
(15, '1-Day ticket Adult Art Festival Haarlem', 'Adult ticket', '12.00', 400, '2020-08-31', 2, 1),
(16, '1-Day ticket Adult Art Festival Haarlem', 'Adult ticket', '12.00', 400, '2020-09-01', 2, 1),
(17, '1-Day ticket Adult Art Festival Haarlem', 'Adult ticket', '12.00', 400, '2020-09-02', 2, 1),
(18, '1-Day ticket Adult Art Festival Haarlem', 'Adult ticket', '12.00', 400, '2020-09-03', 2, 1),
(19, '1-Day ticket Adult Art Festival Haarlem', 'Adult ticket', '12.00', 400, '2020-09-04', 2, 1),
(20, '1-Day ticket Adult Art Festival Haarlem', 'Adult ticket', '12.00', 400, '2020-09-05', 2, 1),
(21, '1-Day ticket Adult Art Festival Haarlem', 'Adult ticket', '12.00', 400, '2020-09-06', 2, 1),
(22, '1-Day ticket Adult Art Festival Haarlem', 'Adult ticket', '12.00', 400, '2020-09-07', 2, 1),
(23, '1-Day ticket Senior Art Festival Haarlem', 'Senior ticket', '8.00', 250, '2020-08-28', 3, 1),
(24, '1-Day ticket Senior Art Festival Haarlem', 'Senior ticket', '8.00', 250, '2020-08-29', 3, 1),
(25, '1-Day ticket Senior Art Festival Haarlem', 'Senior ticket', '8.00', 250, '2020-08-30', 3, 1),
(26, '1-Day ticket Senior Art Festival Haarlem', 'Senior ticket', '8.00', 250, '2020-08-31', 3, 1),
(27, '1-Day ticket Senior Art Festival Haarlem', 'Senior ticket', '8.00', 250, '2020-09-01', 3, 1),
(28, '1-Day ticket Senior Art Festival Haarlem', 'Senior ticket', '8.00', 250, '2020-09-02', 3, 1),
(29, '1-Day ticket Senior Art Festival Haarlem', 'Senior ticket', '8.00', 250, '2020-09-03', 3, 1),
(30, '1-Day ticket Senior Art Festival Haarlem', 'Senior ticket', '8.00', 250, '2020-09-04', 3, 1),
(31, '1-Day ticket Senior Art Festival Haarlem', 'Senior ticket', '8.00', 250, '2020-09-05', 3, 1),
(32, '1-Day ticket Senior Art Festival Haarlem', 'Senior ticket', '8.00', 250, '2020-09-06', 3, 1),
(33, '1-Day ticket Senior Art Festival Haarlem', 'Senior ticket', '8.00', 250, '2020-09-07', 3, 1),
(34, '2-Day ticket Teenager Art Festival Haarlem', 'Teenager ticket', '12.00', 250, '2020-08-28', 4, 1),
(35, '2-Day ticket Teenager Art Festival Haarlem', 'Teenager ticket', '12.00', 250, '2020-08-29', 4, 1),
(36, '2-Day ticket Teenager Art Festival Haarlem', 'Teenager ticket', '12.00', 250, '2020-08-30', 4, 1),
(37, '2-Day ticket Teenager Art Festival Haarlem', 'Teenager ticket', '12.00', 250, '2020-08-31', 4, 1),
(38, '2-Day ticket Teenager Art Festival Haarlem', 'Teenager ticket', '12.00', 250, '2020-09-01', 4, 1),
(39, '2-Day ticket Teenager Art Festival Haarlem', 'Teenager ticket', '12.00', 250, '2020-09-02', 4, 1),
(40, '2-Day ticket Teenager Art Festival Haarlem', 'Teenager ticket', '12.00', 250, '2020-09-03', 4, 1),
(41, '2-Day ticket Teenager Art Festival Haarlem', 'Teenager ticket', '12.00', 250, '2020-09-04', 4, 1),
(42, '2-Day ticket Teenager Art Festival Haarlem', 'Teenager ticket', '12.00', 250, '2020-09-05', 4, 1),
(43, '2-Day ticket Teenager Art Festival Haarlem', 'Teenager ticket', '12.00', 250, '2020-09-06', 4, 1),
(44, '2-Day ticket Teenager Art Festival Haarlem', 'Teenager ticket', '12.00', 250, '2020-09-07', 4, 1),
(45, '2-Day ticket Adult Art Festival Haarlem', 'Adult ticket', '18.00', 400, '2020-08-28', 5, 1),
(46, '2-Day ticket Adult Art Festival Haarlem', 'Adult ticket', '18.00', 400, '2020-08-29', 5, 1),
(47, '2-Day ticket Adult Art Festival Haarlem', 'Adult ticket', '18.00', 400, '2020-08-30', 5, 1),
(48, '2-Day ticket Adult Art Festival Haarlem', 'Adult ticket', '18.00', 400, '2020-08-31', 5, 1),
(49, '2-Day ticket Adult Art Festival Haarlem', 'Adult ticket', '18.00', 400, '2020-09-01', 5, 1),
(50, '2-Day ticket Adult Art Festival Haarlem', 'Adult ticket', '18.00', 400, '2020-09-02', 5, 1),
(51, '2-Day ticket Adult Art Festival Haarlem', 'Adult ticket', '18.00', 400, '2020-09-03', 5, 1),
(52, '2-Day ticket Adult Art Festival Haarlem', 'Adult ticket', '18.00', 400, '2020-09-04', 5, 1),
(53, '2-Day ticket Adult Art Festival Haarlem', 'Adult ticket', '18.00', 400, '2020-09-05', 5, 1),
(54, '2-Day ticket Adult Art Festival Haarlem', 'Adult ticket', '18.00', 400, '2020-09-06', 5, 1),
(55, '2-Day ticket Adult Art Festival Haarlem', 'Adult ticket', '18.00', 400, '2020-09-07', 5, 1),
(56, '2-Day ticket Senior Art Festival Haarlem', 'Senior ticket', '12.00', 250, '2020-08-28', 6, 1),
(57, '2-Day ticket Senior Art Festival Haarlem', 'Senior ticket', '12.00', 250, '2020-08-29', 6, 1),
(58, '2-Day ticket Senior Art Festival Haarlem', 'Senior ticket', '12.00', 250, '2020-08-30', 6, 1),
(59, '2-Day ticket Senior Art Festival Haarlem', 'Senior ticket', '12.00', 250, '2020-08-31', 6, 1),
(60, '2-Day ticket Senior Art Festival Haarlem', 'Senior ticket', '12.00', 250, '2020-09-01', 6, 1),
(61, '2-Day ticket Senior Art Festival Haarlem', 'Senior ticket', '12.00', 250, '2020-09-02', 6, 1),
(62, '2-Day ticket Senior Art Festival Haarlem', 'Senior ticket', '12.00', 250, '2020-09-03', 6, 1),
(63, '2-Day ticket Senior Art Festival Haarlem', 'Senior ticket', '12.00', 250, '2020-09-04', 6, 1),
(64, '2-Day ticket Senior Art Festival Haarlem', 'Senior ticket', '12.00', 250, '2020-09-05', 6, 1),
(65, '2-Day ticket Senior Art Festival Haarlem', 'Senior ticket', '12.00', 250, '2020-09-06', 6, 1),
(66, '2-Day ticket Senior Art Festival Haarlem', 'Senior ticket', '12.00', 250, '2020-09-07', 6, 1),
(67, '1-Week ticket Teenager Art Festival Haarlem', 'Teenager ticket', '24.00', 250, '2020-08-28', 7, 1),
(68, '1-Week ticket Teenager Art Festival Haarlem', 'Teenager ticket', '24.00', 250, '2020-08-29', 7, 1),
(69, '1-Week ticket Teenager Art Festival Haarlem', 'Teenager ticket', '24.00', 250, '2020-08-30', 7, 1),
(70, '1-Week ticket Teenager Art Festival Haarlem', 'Teenager ticket', '24.00', 250, '2020-08-31', 7, 1),
(71, '1-Week ticket Teenager Art Festival Haarlem', 'Teenager ticket', '24.00', 250, '2020-09-01', 7, 1),
(72, '1-Week ticket Teenager Art Festival Haarlem', 'Teenager ticket', '24.00', 250, '2020-09-02', 7, 1),
(73, '1-Week ticket Teenager Art Festival Haarlem', 'Teenager ticket', '24.00', 250, '2020-09-03', 7, 1),
(74, '1-Week ticket Teenager Art Festival Haarlem', 'Teenager ticket', '24.00', 250, '2020-09-04', 7, 1),
(75, '1-Week ticket Teenager Art Festival Haarlem', 'Teenager ticket', '24.00', 250, '2020-09-05', 7, 1),
(76, '1-Week ticket Teenager Art Festival Haarlem', 'Teenager ticket', '24.00', 250, '2020-09-06', 7, 1),
(77, '1-Week ticket Teenager Art Festival Haarlem', 'Teenager ticket', '24.00', 250, '2020-09-07', 7, 1),
(78, '1-Week ticket Adult Art Festival Haarlem', 'Adult ticket', '36.00', 400, '2020-08-28', 8, 1),
(79, '1-Week ticket Adult Art Festival Haarlem', 'Adult ticket', '36.00', 400, '2020-08-29', 8, 1),
(80, '1-Week ticket Adult Art Festival Haarlem', 'Adult ticket', '36.00', 400, '2020-08-30', 8, 1),
(81, '1-Week ticket Adult Art Festival Haarlem', 'Adult ticket', '36.00', 400, '2020-08-31', 8, 1),
(82, '1-Week ticket Adult Art Festival Haarlem', 'Adult ticket', '36.00', 400, '2020-09-01', 8, 1),
(83, '1-Week ticket Adult Art Festival Haarlem', 'Adult ticket', '36.00', 400, '2020-09-02', 8, 1),
(84, '1-Week ticket Adult Art Festival Haarlem', 'Adult ticket', '36.00', 400, '2020-09-03', 8, 1),
(85, '1-Week ticket Adult Art Festival Haarlem', 'Adult ticket', '36.00', 400, '2020-09-04', 8, 1),
(86, '1-Week ticket Adult Art Festival Haarlem', 'Adult ticket', '36.00', 400, '2020-09-05', 8, 1),
(87, '1-Week ticket Adult Art Festival Haarlem', 'Adult ticket', '36.00', 400, '2020-09-06', 8, 1),
(88, '1-Week ticket Adult Art Festival Haarlem', 'Adult ticket', '36.00', 400, '2020-09-07', 8, 1),
(89, '1-Week ticket Senior Art Festival Haarlem', 'Senior ticket', '24.00', 250, '2020-08-28', 9, 1),
(90, '1-Week ticket Senior Art Festival Haarlem', 'Senior ticket', '24.00', 250, '2020-08-29', 9, 1),
(91, '1-Week ticket Senior Art Festival Haarlem', 'Senior ticket', '24.00', 250, '2020-08-30', 9, 1),
(92, '1-Week ticket Senior Art Festival Haarlem', 'Senior ticket', '24.00', 250, '2020-08-31', 9, 1),
(93, '1-Week ticket Senior Art Festival Haarlem', 'Senior ticket', '24.00', 250, '2020-09-01', 9, 1),
(94, '1-Week ticket Senior Art Festival Haarlem', 'Senior ticket', '24.00', 250, '2020-09-02', 9, 1),
(95, '1-Week ticket Senior Art Festival Haarlem', 'Senior ticket', '24.00', 250, '2020-09-03', 9, 1),
(96, '1-Week ticket Senior Art Festival Haarlem', 'Senior ticket', '24.00', 250, '2020-09-04', 9, 1),
(97, '1-Week ticket Senior Art Festival Haarlem', 'Senior ticket', '24.00', 250, '2020-09-05', 9, 1),
(98, '1-Week ticket Senior Art Festival Haarlem', 'Senior ticket', '24.00', 250, '2020-09-06', 9, 1),
(99, '1-Week ticket Senior Art Festival Haarlem', 'Senior ticket', '24.00', 250, '2020-09-07', 9, 1),
(100, '1-Day ticket Teenager Art Workshop Haarlem', 'Teenager ticket', '8.00', 30, '2020-11-11', 1, 2),
(101, '1-Day ticket Adult Art Workshop Haarlem', 'Adult ticket', '12.00', 60, '2020-11-11', 2, 2),
(102, '1-Day ticket Senior Art Workshop Haarlem', 'Senior ticket', '8.00', 60, '2020-11-11', 3, 2);

-- --------------------------------------------------------

--
-- Table structure for table `ticket_order`
--

CREATE TABLE `ticket_order` (
  `ID` int(11) NOT NULL,
  `Quantity` int(10) NOT NULL,
  `Date` timestamp NOT NULL DEFAULT CURRENT_TIMESTAMP,
  `TicketID` int(11) NOT NULL,
  `UserID` int(11) NOT NULL
) ENGINE=InnoDB DEFAULT CHARSET=utf8;

--
-- Dumping data for table `ticket_order`
--

INSERT INTO `ticket_order` (`ID`, `Quantity`, `Date`, `TicketID`, `UserID`) VALUES
(1, 4, '2020-11-18 23:41:08', 101, 69),
(2, 2, '2020-11-18 23:41:08', 35, 137),
(3, 1, '2020-11-18 23:41:08', 93, 159),
(4, 4, '2020-11-18 23:41:08', 84, 55),
(5, 5, '2020-11-18 23:41:08', 31, 184),
(6, 3, '2020-11-18 23:41:08', 85, 92),
(7, 5, '2020-11-18 23:41:08', 35, 41),
(8, 2, '2020-11-18 23:41:08', 71, 177),
(9, 2, '2020-11-18 23:41:08', 39, 120),
(10, 1, '2020-11-18 23:41:08', 20, 117),
(11, 3, '2020-11-18 23:41:08', 61, 74),
(12, 4, '2020-11-18 23:41:08', 1, 71),
(13, 3, '2020-11-18 23:41:08', 25, 28),
(14, 5, '2020-11-18 23:41:08', 10, 164),
(15, 2, '2020-11-18 23:41:08', 57, 85),
(16, 5, '2020-11-18 23:41:08', 51, 22),
(17, 5, '2020-11-18 23:41:08', 64, 73),
(18, 4, '2020-11-18 23:41:08', 87, 28),
(19, 2, '2020-11-18 23:41:08', 55, 10),
(20, 4, '2020-11-18 23:41:08', 93, 17),
(21, 2, '2020-11-18 23:41:08', 93, 37),
(22, 3, '2020-11-18 23:41:08', 97, 43),
(23, 2, '2020-11-18 23:41:09', 34, 155),
(24, 2, '2020-11-18 23:41:09', 70, 87),
(25, 3, '2020-11-18 23:41:09', 85, 58),
(26, 3, '2020-11-18 23:41:09', 83, 123),
(27, 1, '2020-11-18 23:41:09', 72, 125),
(28, 3, '2020-11-18 23:41:09', 97, 186),
(29, 1, '2020-11-18 23:41:09', 74, 183),
(30, 2, '2020-11-18 23:41:09', 19, 46),
(31, 2, '2020-11-18 23:41:09', 73, 69),
(32, 1, '2020-11-18 23:41:09', 30, 123),
(33, 5, '2020-11-18 23:41:09', 75, 147),
(34, 3, '2020-11-18 23:41:09', 68, 187),
(35, 3, '2020-11-18 23:41:09', 59, 175),
(36, 2, '2020-11-18 23:41:09', 78, 128),
(37, 2, '2020-11-18 23:41:09', 101, 26),
(38, 2, '2020-11-18 23:41:09', 6, 40),
(39, 4, '2020-11-18 23:41:09', 29, 190),
(40, 2, '2020-11-18 23:41:09', 46, 193),
(41, 5, '2020-11-18 23:41:09', 15, 100),
(42, 2, '2020-11-18 23:41:09', 102, 178),
(43, 2, '2020-11-18 23:41:09', 97, 111),
(44, 4, '2020-11-18 23:41:09', 40, 44),
(45, 4, '2020-11-18 23:41:09', 50, 133),
(46, 3, '2020-11-18 23:41:09', 45, 1),
(47, 5, '2020-11-18 23:41:09', 24, 22),
(48, 1, '2020-11-18 23:41:09', 48, 192),
(49, 4, '2020-11-18 23:41:09', 16, 41),
(50, 3, '2020-11-18 23:41:09', 82, 18),
(51, 2, '2020-11-18 23:41:09', 14, 160),
(52, 2, '2020-11-18 23:41:09', 67, 125),
(53, 3, '2020-11-18 23:41:09', 89, 51),
(54, 1, '2020-11-18 23:41:09', 1, 167),
(55, 3, '2020-11-18 23:41:09', 6, 12),
(56, 3, '2020-11-18 23:41:09', 41, 171),
(57, 4, '2020-11-18 23:41:09', 1, 171),
(58, 3, '2020-11-18 23:41:09', 45, 49),
(59, 5, '2020-11-18 23:41:09', 101, 45),
(60, 2, '2020-11-18 23:41:09', 87, 103),
(61, 5, '2020-11-18 23:41:09', 96, 50),
(62, 1, '2020-11-18 23:41:09', 46, 149),
(63, 3, '2020-11-18 23:41:09', 26, 111),
(64, 3, '2020-11-18 23:41:09', 21, 152),
(65, 5, '2020-11-18 23:41:09', 9, 88),
(66, 2, '2020-11-18 23:41:09', 66, 51),
(67, 1, '2020-11-18 23:41:09', 11, 71),
(68, 2, '2020-11-18 23:41:09', 24, 65),
(69, 1, '2020-11-18 23:41:09', 14, 61),
(70, 4, '2020-11-18 23:41:09', 97, 162),
(71, 2, '2020-11-18 23:41:09', 40, 84),
(72, 5, '2020-11-18 23:41:09', 3, 196),
(73, 4, '2020-11-18 23:41:09', 33, 102),
(74, 3, '2020-11-18 23:41:09', 68, 77),
(75, 2, '2020-11-18 23:41:09', 17, 187),
(76, 2, '2020-11-18 23:41:09', 11, 69),
(77, 4, '2020-11-18 23:41:09', 52, 169),
(78, 4, '2020-11-18 23:41:09', 76, 41),
(79, 4, '2020-11-18 23:41:09', 82, 151),
(80, 2, '2020-11-18 23:41:09', 26, 126),
(81, 5, '2020-11-18 23:41:09', 65, 87),
(82, 5, '2020-11-18 23:41:09', 15, 11),
(83, 3, '2020-11-18 23:41:10', 14, 154),
(84, 4, '2020-11-18 23:41:10', 45, 89),
(85, 1, '2020-11-18 23:41:10', 80, 41),
(86, 5, '2020-11-18 23:41:10', 10, 114),
(87, 3, '2020-11-18 23:41:10', 29, 159),
(88, 3, '2020-11-18 23:41:10', 24, 168),
(89, 4, '2020-11-18 23:41:10', 47, 159),
(90, 4, '2020-11-18 23:41:10', 20, 105),
(91, 4, '2020-11-18 23:41:10', 44, 175),
(92, 2, '2020-11-18 23:41:10', 25, 139),
(93, 2, '2020-11-18 23:41:10', 101, 109),
(94, 1, '2020-11-18 23:41:10', 47, 99),
(95, 1, '2020-11-18 23:41:10', 27, 18),
(96, 1, '2020-11-18 23:41:10', 49, 136),
(97, 5, '2020-11-18 23:41:10', 87, 17),
(98, 3, '2020-11-18 23:41:10', 18, 87),
(99, 5, '2020-11-18 23:41:10', 85, 185),
(100, 1, '2020-11-18 23:41:10', 14, 188),
(101, 2, '2020-11-18 23:41:10', 47, 160),
(102, 4, '2020-11-18 23:41:10', 1, 168),
(103, 3, '2020-11-18 23:41:10', 88, 10),
(104, 4, '2020-11-18 23:41:10', 36, 18),
(105, 5, '2020-11-18 23:41:10', 47, 47),
(106, 3, '2020-11-18 23:41:10', 25, 176),
(107, 3, '2020-11-18 23:41:10', 49, 198),
(108, 3, '2020-11-18 23:41:10', 14, 98),
(109, 2, '2020-11-18 23:41:10', 68, 145),
(110, 2, '2020-11-18 23:41:10', 24, 61),
(111, 4, '2020-11-18 23:41:10', 54, 149),
(112, 1, '2020-11-18 23:41:10', 8, 152),
(113, 5, '2020-11-18 23:41:10', 89, 2),
(114, 1, '2020-11-18 23:41:10', 77, 160),
(115, 4, '2020-11-18 23:41:10', 61, 39),
(116, 5, '2020-11-18 23:41:10', 101, 7),
(117, 1, '2020-11-18 23:41:10', 43, 39),
(118, 4, '2020-11-18 23:41:10', 87, 198),
(119, 4, '2020-11-18 23:41:10', 49, 121),
(120, 5, '2020-11-18 23:41:10', 19, 92),
(121, 4, '2020-11-18 23:41:10', 11, 14),
(122, 3, '2020-11-18 23:41:10', 61, 31),
(123, 2, '2020-11-18 23:41:10', 21, 83),
(124, 4, '2020-11-18 23:41:10', 85, 190),
(125, 5, '2020-11-18 23:41:10', 69, 3),
(126, 2, '2020-11-18 23:41:10', 7, 79),
(127, 3, '2020-11-18 23:41:10', 99, 76),
(128, 2, '2020-11-18 23:41:10', 10, 96),
(129, 4, '2020-11-18 23:41:10', 92, 56),
(130, 4, '2020-11-18 23:41:10', 99, 115),
(131, 2, '2020-11-18 23:41:10', 37, 114),
(132, 3, '2020-11-18 23:41:10', 34, 146),
(133, 1, '2020-11-18 23:41:10', 9, 125),
(134, 1, '2020-11-18 23:41:10', 40, 93),
(135, 5, '2020-11-18 23:41:10', 79, 113),
(136, 1, '2020-11-18 23:41:10', 55, 69),
(137, 4, '2020-11-18 23:41:10', 30, 183),
(138, 3, '2020-11-18 23:41:10', 47, 10),
(139, 2, '2020-11-18 23:41:10', 16, 188),
(140, 1, '2020-11-18 23:41:10', 96, 30),
(141, 1, '2020-11-18 23:41:10', 34, 24),
(142, 2, '2020-11-18 23:41:11', 73, 54),
(143, 3, '2020-11-18 23:41:11', 10, 184),
(144, 1, '2020-11-18 23:41:11', 81, 78),
(145, 4, '2020-11-18 23:41:11', 36, 173),
(146, 2, '2020-11-18 23:41:11', 94, 199),
(147, 3, '2020-11-18 23:41:11', 11, 102),
(148, 1, '2020-11-18 23:41:11', 82, 199),
(149, 3, '2020-11-18 23:41:11', 86, 199),
(150, 2, '2020-11-18 23:41:11', 25, 174),
(151, 1, '2020-11-18 23:41:11', 15, 83),
(152, 2, '2020-11-18 23:41:11', 31, 57),
(153, 5, '2020-11-18 23:41:11', 91, 90),
(154, 1, '2020-11-18 23:41:11', 11, 184),
(155, 3, '2020-11-18 23:41:11', 64, 98),
(156, 5, '2020-11-18 23:41:11', 60, 135),
(157, 3, '2020-11-18 23:41:11', 91, 147),
(158, 3, '2020-11-18 23:41:11', 65, 199),
(159, 1, '2020-11-18 23:41:11', 88, 109),
(160, 3, '2020-11-18 23:41:11', 81, 184),
(161, 1, '2020-11-18 23:41:11', 70, 194),
(162, 3, '2020-11-18 23:41:11', 61, 143),
(163, 5, '2020-11-18 23:41:11', 21, 157),
(164, 1, '2020-11-18 23:41:11', 52, 46),
(165, 3, '2020-11-18 23:41:11', 52, 31),
(166, 2, '2020-11-18 23:41:11', 67, 115),
(167, 5, '2020-11-18 23:41:11', 95, 38),
(168, 1, '2020-11-18 23:41:11', 50, 42),
(169, 4, '2020-11-18 23:41:11', 93, 89),
(170, 3, '2020-11-18 23:41:11', 5, 159),
(171, 4, '2020-11-18 23:41:11', 90, 173),
(172, 3, '2020-11-18 23:41:11', 82, 132),
(173, 5, '2020-11-18 23:41:11', 81, 179),
(174, 4, '2020-11-18 23:41:11', 88, 161),
(175, 4, '2020-11-18 23:41:11', 95, 196),
(176, 5, '2020-11-18 23:41:11', 39, 173),
(177, 5, '2020-11-18 23:41:11', 67, 82),
(178, 4, '2020-11-18 23:41:11', 59, 124),
(179, 1, '2020-11-18 23:41:11', 55, 166),
(180, 1, '2020-11-18 23:41:11', 5, 186),
(181, 5, '2020-11-18 23:41:11', 5, 182),
(182, 3, '2020-11-18 23:41:11', 66, 71),
(183, 3, '2020-11-18 23:41:11', 69, 160),
(184, 2, '2020-11-18 23:41:11', 77, 137),
(185, 4, '2020-11-18 23:41:11', 10, 199),
(186, 3, '2020-11-18 23:41:11', 89, 31),
(187, 3, '2020-11-18 23:41:11', 13, 59),
(188, 4, '2020-11-18 23:41:11', 72, 183),
(189, 1, '2020-11-18 23:41:11', 78, 21),
(190, 4, '2020-11-18 23:41:11', 19, 127),
(191, 2, '2020-11-18 23:41:11', 95, 163),
(192, 4, '2020-11-18 23:41:11', 39, 77),
(193, 5, '2020-11-18 23:41:11', 84, 184),
(194, 3, '2020-11-18 23:41:11', 43, 179),
(195, 2, '2020-11-18 23:41:11', 85, 159),
(196, 3, '2020-11-18 23:41:11', 102, 53),
(197, 1, '2020-11-18 23:41:11', 35, 156),
(198, 5, '2020-11-18 23:41:11', 40, 56),
(199, 5, '2020-11-18 23:41:11', 83, 151),
(200, 4, '2020-11-18 23:41:12', 37, 57),
(201, 5, '2020-11-18 23:41:12', 21, 135),
(202, 1, '2020-11-18 23:41:12', 15, 140),
(203, 4, '2020-11-18 23:41:12', 36, 97),
(204, 5, '2020-11-18 23:41:12', 28, 53),
(205, 1, '2020-11-18 23:41:12', 82, 20),
(206, 4, '2020-11-18 23:41:12', 9, 12),
(207, 2, '2020-11-18 23:41:12', 70, 134),
(208, 1, '2020-11-18 23:41:12', 42, 79),
(209, 1, '2020-11-18 23:41:12', 9, 43),
(210, 1, '2020-11-18 23:41:12', 76, 14),
(211, 4, '2020-11-18 23:41:12', 87, 26),
(212, 3, '2020-11-18 23:41:12', 29, 178),
(213, 5, '2020-11-18 23:41:12', 37, 173),
(214, 4, '2020-11-18 23:41:12', 77, 129),
(215, 4, '2020-11-18 23:41:12', 34, 181),
(216, 2, '2020-11-18 23:41:12', 86, 146),
(217, 5, '2020-11-18 23:41:12', 51, 165),
(218, 2, '2020-11-18 23:41:12', 101, 73),
(219, 3, '2020-11-18 23:41:12', 77, 185),
(220, 4, '2020-11-18 23:41:12', 87, 8),
(221, 3, '2020-11-18 23:41:12', 9, 67),
(222, 3, '2020-11-18 23:41:12', 3, 175),
(223, 1, '2020-11-18 23:41:12', 96, 26),
(224, 2, '2020-11-18 23:41:12', 32, 130),
(225, 1, '2020-11-18 23:41:12', 26, 32),
(226, 1, '2020-11-18 23:41:12', 27, 199),
(227, 4, '2020-11-18 23:41:12', 90, 114),
(228, 3, '2020-11-18 23:41:12', 22, 4),
(229, 2, '2020-11-18 23:41:12', 16, 138),
(230, 5, '2020-11-18 23:41:12', 74, 95),
(231, 2, '2020-11-18 23:41:12', 30, 74),
(232, 2, '2020-11-18 23:41:12', 32, 5),
(233, 5, '2020-11-18 23:41:12', 56, 189),
(234, 3, '2020-11-18 23:41:12', 21, 1),
(235, 2, '2020-11-18 23:41:12', 67, 21),
(236, 4, '2020-11-18 23:41:12', 45, 11),
(237, 3, '2020-11-18 23:41:12', 36, 29),
(238, 3, '2020-11-18 23:41:12', 99, 85),
(239, 3, '2020-11-18 23:41:12', 26, 166),
(240, 5, '2020-11-18 23:41:12', 16, 156),
(241, 2, '2020-11-18 23:41:12', 88, 16),
(242, 1, '2020-11-18 23:41:12', 85, 136),
(243, 2, '2020-11-18 23:41:12', 3, 126),
(244, 5, '2020-11-18 23:41:12', 28, 158),
(245, 4, '2020-11-18 23:41:12', 43, 51),
(246, 3, '2020-11-18 23:41:12', 84, 99),
(247, 2, '2020-11-18 23:41:12', 37, 65),
(248, 1, '2020-11-18 23:41:12', 11, 6),
(249, 2, '2020-11-18 23:41:12', 29, 3),
(250, 4, '2020-11-18 23:41:12', 82, 70),
(251, 3, '2020-11-18 23:41:12', 69, 19),
(252, 1, '2020-11-18 23:41:12', 57, 182),
(253, 2, '2020-11-18 23:41:12', 25, 55),
(254, 1, '2020-11-18 23:41:12', 27, 113),
(255, 2, '2020-11-18 23:41:12', 38, 189),
(256, 1, '2020-11-18 23:41:12', 85, 184),
(257, 4, '2020-11-18 23:41:12', 60, 131),
(258, 3, '2020-11-18 23:41:12', 79, 95),
(259, 2, '2020-11-18 23:41:12', 92, 34),
(260, 1, '2020-11-18 23:41:12', 52, 15),
(261, 1, '2020-11-18 23:41:12', 86, 140),
(262, 2, '2020-11-18 23:41:12', 71, 142),
(263, 5, '2020-11-18 23:41:13', 70, 119),
(264, 1, '2020-11-18 23:41:13', 3, 104),
(265, 1, '2020-11-18 23:41:13', 53, 22),
(266, 4, '2020-11-18 23:41:13', 102, 116),
(267, 3, '2020-11-18 23:41:13', 40, 29),
(268, 3, '2020-11-18 23:41:13', 41, 197),
(269, 3, '2020-11-18 23:41:13', 90, 186),
(270, 4, '2020-11-18 23:41:13', 94, 83),
(271, 5, '2020-11-18 23:41:13', 46, 141),
(272, 3, '2020-11-18 23:41:13', 17, 32),
(273, 5, '2020-11-18 23:41:13', 12, 34),
(274, 2, '2020-11-18 23:41:13', 5, 112),
(275, 5, '2020-11-18 23:41:13', 32, 9),
(276, 4, '2020-11-18 23:41:13', 80, 103),
(277, 5, '2020-11-18 23:41:13', 57, 136),
(278, 3, '2020-11-18 23:41:13', 29, 155),
(279, 5, '2020-11-18 23:41:13', 20, 66),
(280, 1, '2020-11-18 23:41:13', 11, 132),
(281, 1, '2020-11-18 23:41:13', 101, 51),
(282, 3, '2020-11-18 23:41:13', 67, 27),
(283, 5, '2020-11-18 23:41:13', 58, 129),
(284, 3, '2020-11-18 23:41:13', 101, 156),
(285, 1, '2020-11-18 23:41:13', 78, 33),
(286, 4, '2020-11-18 23:41:13', 102, 168),
(287, 2, '2020-11-18 23:41:13', 73, 103),
(288, 2, '2020-11-18 23:41:13', 14, 50),
(289, 5, '2020-11-18 23:41:13', 50, 32),
(290, 3, '2020-11-18 23:41:13', 68, 54),
(291, 2, '2020-11-18 23:41:13', 13, 83),
(292, 2, '2020-11-18 23:41:13', 37, 195),
(293, 4, '2020-11-18 23:41:13', 7, 39),
(294, 5, '2020-11-18 23:41:13', 6, 23),
(295, 3, '2020-11-18 23:41:13', 83, 36),
(296, 2, '2020-11-18 23:41:13', 6, 184),
(297, 1, '2020-11-18 23:41:13', 10, 53),
(298, 2, '2020-11-18 23:41:13', 23, 95),
(299, 4, '2020-11-18 23:41:13', 35, 35),
(300, 1, '2020-11-18 23:41:13', 37, 40),
(301, 2, '2020-11-18 23:41:13', 51, 94),
(302, 1, '2020-11-18 23:41:13', 16, 200),
(303, 5, '2020-11-18 23:41:13', 59, 200),
(304, 1, '2020-11-18 23:41:13', 27, 8),
(305, 4, '2020-11-18 23:41:13', 63, 89),
(306, 4, '2020-11-18 23:41:13', 21, 17),
(307, 5, '2020-11-18 23:41:13', 64, 21),
(308, 3, '2020-11-18 23:41:13', 54, 31),
(309, 1, '2020-11-18 23:41:13', 43, 174),
(310, 1, '2020-11-18 23:41:13', 43, 73),
(311, 2, '2020-11-18 23:41:13', 1, 38),
(312, 3, '2020-11-18 23:41:13', 62, 151),
(313, 3, '2020-11-18 23:41:13', 7, 61),
(314, 5, '2020-11-18 23:41:13', 49, 55),
(315, 2, '2020-11-18 23:41:13', 22, 198),
(316, 1, '2020-11-18 23:41:13', 76, 152),
(317, 4, '2020-11-18 23:41:13', 69, 19),
(318, 5, '2020-11-18 23:41:13', 85, 3),
(319, 4, '2020-11-18 23:41:13', 59, 15),
(320, 5, '2020-11-18 23:41:13', 81, 44),
(321, 1, '2020-11-18 23:41:13', 94, 143),
(322, 2, '2020-11-18 23:41:13', 2, 89),
(323, 1, '2020-11-18 23:41:13', 18, 183),
(324, 4, '2020-11-18 23:41:13', 27, 3),
(325, 3, '2020-11-18 23:41:13', 71, 171),
(326, 2, '2020-11-18 23:41:13', 51, 22),
(327, 5, '2020-11-18 23:41:13', 36, 161),
(328, 5, '2020-11-18 23:41:13', 3, 132),
(329, 5, '2020-11-18 23:41:13', 65, 187),
(330, 2, '2020-11-18 23:41:13', 42, 149),
(331, 2, '2020-11-18 23:41:13', 31, 60),
(332, 1, '2020-11-18 23:41:13', 20, 155),
(333, 1, '2020-11-18 23:41:13', 45, 87),
(334, 1, '2020-11-18 23:41:13', 41, 157),
(335, 2, '2020-11-18 23:41:14', 66, 158),
(336, 3, '2020-11-18 23:41:14', 31, 197),
(337, 5, '2020-11-18 23:41:14', 101, 7),
(338, 1, '2020-11-18 23:41:14', 57, 192),
(339, 4, '2020-11-18 23:41:14', 73, 49),
(340, 1, '2020-11-18 23:41:14', 36, 22),
(341, 5, '2020-11-18 23:41:14', 7, 80),
(342, 2, '2020-11-18 23:41:14', 87, 131),
(343, 4, '2020-11-18 23:41:14', 45, 160),
(344, 4, '2020-11-18 23:41:14', 34, 200),
(345, 3, '2020-11-18 23:41:14', 74, 97),
(346, 1, '2020-11-18 23:41:14', 70, 159),
(347, 4, '2020-11-18 23:41:14', 4, 85),
(348, 3, '2020-11-18 23:41:14', 88, 55),
(349, 2, '2020-11-18 23:41:14', 19, 72),
(350, 4, '2020-11-18 23:41:14', 34, 72),
(351, 4, '2020-11-18 23:41:14', 22, 145),
(352, 1, '2020-11-18 23:41:14', 72, 128),
(353, 5, '2020-11-18 23:41:14', 87, 17),
(354, 2, '2020-11-18 23:41:14', 62, 77),
(355, 3, '2020-11-18 23:41:14', 91, 96),
(356, 4, '2020-11-18 23:41:14', 35, 188),
(357, 1, '2020-11-18 23:41:14', 28, 65),
(358, 1, '2020-11-18 23:41:14', 72, 119),
(359, 5, '2020-11-18 23:41:14', 5, 189),
(360, 4, '2020-11-18 23:41:14', 74, 154),
(361, 5, '2020-11-18 23:41:14', 5, 192),
(362, 2, '2020-11-18 23:41:14', 96, 64),
(363, 1, '2020-11-18 23:41:14', 27, 136),
(364, 3, '2020-11-18 23:41:14', 75, 94),
(365, 2, '2020-11-18 23:41:14', 2, 31),
(366, 1, '2020-11-18 23:41:14', 83, 170),
(367, 1, '2020-11-18 23:41:14', 98, 184),
(368, 5, '2020-11-18 23:41:14', 51, 118),
(369, 1, '2020-11-18 23:41:14', 16, 79),
(370, 2, '2020-11-18 23:41:14', 78, 116),
(371, 2, '2020-11-18 23:41:14', 75, 91),
(372, 4, '2020-11-18 23:41:14', 37, 163),
(373, 5, '2020-11-18 23:41:14', 101, 159),
(374, 1, '2020-11-18 23:41:14', 58, 56),
(375, 4, '2020-11-18 23:41:14', 87, 112),
(376, 5, '2020-11-18 23:41:14', 89, 134),
(377, 5, '2020-11-18 23:41:14', 81, 68),
(378, 3, '2020-11-18 23:41:14', 68, 187),
(379, 5, '2020-11-18 23:41:14', 98, 173),
(380, 4, '2020-11-18 23:41:14', 55, 22),
(381, 4, '2020-11-18 23:41:14', 32, 118),
(382, 5, '2020-11-18 23:41:14', 62, 168),
(383, 5, '2020-11-18 23:41:14', 51, 129),
(384, 4, '2020-11-18 23:41:14', 51, 32),
(385, 3, '2020-11-18 23:41:14', 3, 74),
(386, 4, '2020-11-18 23:41:14', 75, 94),
(387, 5, '2020-11-18 23:41:14', 60, 133),
(388, 2, '2020-11-18 23:41:14', 91, 152),
(389, 4, '2020-11-18 23:41:14', 31, 126),
(390, 4, '2020-11-18 23:41:14', 99, 113),
(391, 4, '2020-11-18 23:41:14', 87, 120),
(392, 3, '2020-11-18 23:41:14', 15, 48),
(393, 5, '2020-11-18 23:41:14', 48, 28),
(394, 2, '2020-11-18 23:41:14', 62, 128),
(395, 2, '2020-11-18 23:41:14', 8, 197),
(396, 1, '2020-11-18 23:41:14', 87, 127),
(397, 2, '2020-11-18 23:41:14', 77, 85),
(398, 3, '2020-11-18 23:41:14', 16, 96),
(399, 2, '2020-11-18 23:41:14', 47, 144),
(400, 4, '2020-11-18 23:41:14', 101, 77),
(401, 1, '2020-11-18 23:41:14', 44, 40),
(402, 4, '2020-11-18 23:41:14', 45, 20),
(403, 1, '2020-11-18 23:41:14', 23, 53),
(404, 4, '2020-11-18 23:41:14', 88, 4),
(405, 1, '2020-11-18 23:41:14', 64, 142),
(406, 4, '2020-11-18 23:41:14', 50, 198),
(407, 1, '2020-11-18 23:41:15', 45, 143),
(408, 5, '2020-11-18 23:41:15', 90, 127),
(409, 4, '2020-11-18 23:41:15', 34, 16),
(410, 4, '2020-11-18 23:41:15', 67, 57),
(411, 5, '2020-11-18 23:41:15', 44, 20),
(412, 3, '2020-11-18 23:41:15', 49, 118),
(413, 4, '2020-11-18 23:41:15', 32, 16),
(414, 1, '2020-11-18 23:41:15', 73, 156),
(415, 1, '2020-11-18 23:41:15', 62, 62),
(416, 3, '2020-11-18 23:41:15', 59, 60),
(417, 3, '2020-11-18 23:41:15', 97, 12),
(418, 1, '2020-11-18 23:41:15', 24, 179),
(419, 5, '2020-11-18 23:41:15', 72, 116),
(420, 4, '2020-11-18 23:41:15', 95, 113),
(421, 2, '2020-11-18 23:41:15', 26, 27),
(422, 5, '2020-11-18 23:41:15', 33, 23),
(423, 2, '2020-11-18 23:41:15', 84, 44),
(424, 5, '2020-11-18 23:41:15', 21, 56),
(425, 4, '2020-11-18 23:41:15', 39, 33),
(426, 4, '2020-11-18 23:41:15', 21, 21),
(427, 3, '2020-11-18 23:41:15', 44, 60),
(428, 4, '2020-11-18 23:41:15', 67, 71),
(429, 3, '2020-11-18 23:41:15', 11, 102),
(430, 2, '2020-11-18 23:41:15', 12, 74),
(431, 5, '2020-11-18 23:41:15', 44, 36),
(432, 1, '2020-11-18 23:41:15', 1, 104),
(433, 5, '2020-11-18 23:41:15', 2, 18),
(434, 4, '2020-11-18 23:41:15', 21, 135),
(435, 3, '2020-11-18 23:41:15', 95, 165),
(436, 4, '2020-11-18 23:41:15', 5, 166),
(437, 3, '2020-11-18 23:41:15', 76, 3),
(438, 3, '2020-11-18 23:41:15', 54, 139),
(439, 3, '2020-11-18 23:41:15', 33, 157),
(440, 4, '2020-11-18 23:41:15', 101, 65),
(441, 2, '2020-11-18 23:41:15', 41, 40),
(442, 4, '2020-11-18 23:41:15', 65, 8),
(443, 3, '2020-11-18 23:41:15', 22, 167),
(444, 5, '2020-11-18 23:41:15', 91, 71),
(445, 4, '2020-11-18 23:41:15', 28, 101),
(446, 3, '2020-11-18 23:41:15', 90, 152),
(447, 1, '2020-11-18 23:41:15', 40, 68),
(448, 3, '2020-11-18 23:41:15', 44, 150),
(449, 3, '2020-11-18 23:41:15', 18, 142),
(450, 5, '2020-11-18 23:41:15', 56, 193);

-- --------------------------------------------------------

--
-- Table structure for table `ticket_type`
--

CREATE TABLE `ticket_type` (
  `ID` int(11) NOT NULL,
  `AgeCategory` varchar(255) NOT NULL,
  `Duration` varchar(255) NOT NULL,
  `Price` decimal(10,2) NOT NULL
) ENGINE=InnoDB DEFAULT CHARSET=utf8;

--
-- Dumping data for table `ticket_type`
--

INSERT INTO `ticket_type` (`ID`, `AgeCategory`, `Duration`, `Price`) VALUES
(1, '16-25', '1 Day', '8.00'),
(2, '26-65', '1 Day', '12.00'),
(3, '65+', '1 Day', '8.00'),
(4, '16-25', '2 Day', '12.00'),
(5, '26-65', '2 Day', '18.00'),
(6, '65+', '2 Day', '12.00'),
(7, '16-25', '1 Week', '24.00'),
(8, '26-65', '1 Week', '36.00'),
(9, '65+', '1 Week', '24.00');

-- --------------------------------------------------------

--
-- Table structure for table `user`
--

CREATE TABLE `user` (
  `ID` int(11) NOT NULL,
  `FirstName` varchar(255) NOT NULL,
  `LastName` varchar(255) NOT NULL,
  `Email` varchar(255) NOT NULL,
  `Password` varchar(255) NOT NULL,
  `Type` tinyint(4) NOT NULL DEFAULT '0',
  `Address` varchar(255) NOT NULL,
  `PostalCode` varchar(10) NOT NULL,
  `Country` varchar(255) NOT NULL,
  `Phone` varchar(255) NOT NULL,
  `RegisterDate` timestamp NOT NULL DEFAULT CURRENT_TIMESTAMP,
  `LastUpdate` datetime DEFAULT NULL ON UPDATE CURRENT_TIMESTAMP
) ENGINE=InnoDB DEFAULT CHARSET=utf8;

--
-- Dumping data for table `user`
--

INSERT INTO `user` (`ID`, `FirstName`, `LastName`, `Email`, `Password`, `Type`, `Address`, `PostalCode`, `Country`, `Phone`, `RegisterDate`, `LastUpdate`) VALUES
(1, '	Connie	', '	Douglas	', 'c.douglas@randatmail.com', '25d55ad283aa400af464c76d713c07ad', 0, '	1 Debs Point	', '	5262	', '	Indonesia	', '	294-4459-98	', '2020-11-18 21:56:58', '2020-11-19 15:54:52'),
(2, '	Fiona	', '	Russell	', '	f.russell@randatmail.com	', '25d55ad283aa400af464c76d713c07ad', 0, '	03099 Summit Street	', '	7653	', '	Philippines	', '	352-3636-79	', '2020-11-18 21:56:58', '2020-11-18 23:57:28'),
(3, '	Eric	', '	Perry	', '	e.perry@randatmail.com	', '25d55ad283aa400af464c76d713c07ad', 0, '	78 Victoria Terrace	', '	8142	', '	Sweden	', '	019-4354-15	', '2020-11-18 21:56:58', '2020-11-18 23:57:28'),
(4, '	Miller	', '	Robinson	', '	m.robinson@randatmail.com	', '25d55ad283aa400af464c76d713c07ad', 0, '	3375 Tony Way	', '	6122	', '	China	', '	741-5749-12	', '2020-11-18 21:56:58', '2020-11-18 23:57:28'),
(5, '	Dexter	', '	Higgins	', '	d.higgins@randatmail.com	', '25d55ad283aa400af464c76d713c07ad', 0, '	20 Manley Park	', '	4088	', '	Peru	', '	174-3991-01	', '2020-11-18 21:56:58', '2020-11-18 23:57:28'),
(6, '	Cadie	', '	Jones	', '	c.jones@randatmail.com	', '25d55ad283aa400af464c76d713c07ad', 0, '	4584 Dennis Circle	', '	3157	', '	Iran	', '	596-5545-64	', '2020-11-18 21:56:58', '2020-11-18 23:57:28'),
(7, '	Deanna	', '	Miller	', '	d.miller@randatmail.com	', '25d55ad283aa400af464c76d713c07ad', 0, '	226 Mcguire Pass	', '	4336	', '	Yemen	', '	197-9247-79	', '2020-11-18 21:56:58', '2020-11-18 23:57:28'),
(8, '	George	', '	Turner	', '	g.turner@randatmail.com	', '25d55ad283aa400af464c76d713c07ad', 0, '	93 Schiller Lane	', '	3440	', '	Puerto Rico	', '	941-6245-31	', '2020-11-18 21:56:58', '2020-11-18 23:57:28'),
(9, '	Chloe	', '	Chapman	', '	c.chapman@randatmail.com	', '25d55ad283aa400af464c76d713c07ad', 0, '	52678 Pepper Wood Circle	', '	7399	', '	Croatia	', '	070-2976-20	', '2020-11-18 21:56:58', '2020-11-18 23:57:28'),
(10, '	Jack	', '	Robinson	', '	j.robinson@randatmail.com	', '25d55ad283aa400af464c76d713c07ad', 0, '	7796 Maywood Avenue	', '	8926	', '	Indonesia	', '	661-9952-19	', '2020-11-18 21:56:58', '2020-11-18 23:57:28'),
(11, '	Tyler	', '	Ferguson	', '	t.ferguson@randatmail.com	', '25d55ad283aa400af464c76d713c07ad', 0, '	944 Lyons Drive	', '	8480	', '	Czech Republic	', '	430-3520-68	', '2020-11-18 21:56:58', '2020-11-18 23:57:28'),
(12, '	Arthur	', '	Edwards	', '	a.edwards@randatmail.com	', '25d55ad283aa400af464c76d713c07ad', 0, '	1662 Killdeer Center	', '	2121	', '	Democratic Republic of the Congo	', '	927-8120-62	', '2020-11-18 21:56:58', '2020-11-18 23:57:28'),
(13, '	Amber	', '	Higgins	', '	a.higgins@randatmail.com	', '25d55ad283aa400af464c76d713c07ad', 0, '	234 Debra Trail	', '	8572	', '	Brazil	', '	211-6417-93	', '2020-11-18 21:56:58', '2020-11-18 23:57:28'),
(14, '	Adrian	', '	Stewart	', '	a.stewart@randatmail.com	', '25d55ad283aa400af464c76d713c07ad', 0, '	0207 Holmberg Pass	', '	1641	', '	Argentina	', '	196-5797-48	', '2020-11-18 21:56:58', '2020-11-18 23:57:28'),
(15, '	Thomas	', '	Craig	', '	t.craig@randatmail.com	', '25d55ad283aa400af464c76d713c07ad', 0, '	253 Hoard Road	', '	2701	', '	Indonesia	', '	504-2791-82	', '2020-11-18 21:56:58', '2020-11-18 23:57:28'),
(16, '	Darcy	', '	Wells	', '	d.wells@randatmail.com	', '25d55ad283aa400af464c76d713c07ad', 0, '	45 Dahle Circle	', '	6973	', '	Mexico	', '	903-1344-68	', '2020-11-18 21:56:58', '2020-11-18 23:57:28'),
(17, '	Henry	', '	Grant	', '	h.grant@randatmail.com	', '25d55ad283aa400af464c76d713c07ad', 0, '	50 Sherman Avenue	', '	2947	', '	Peru	', '	432-8870-39	', '2020-11-18 21:56:58', '2020-11-18 23:57:28'),
(18, '	Jasmine	', '	Crawford	', '	j.crawford@randatmail.com	', '25d55ad283aa400af464c76d713c07ad', 0, '	3 Sommers Terrace	', '	6736	', '	Indonesia	', '	882-5898-77	', '2020-11-18 21:56:58', '2020-11-18 23:57:28'),
(19, '	Clark	', '	Taylor	', '	c.taylor@randatmail.com	', '25d55ad283aa400af464c76d713c07ad', 0, '	27110 Texas Circle	', '	8283	', '	Philippines	', '	941-4625-48	', '2020-11-18 21:56:58', '2020-11-18 23:57:28'),
(20, '	Leonardo	', '	Thompson	', '	l.thompson@randatmail.com	', '25d55ad283aa400af464c76d713c07ad', 0, '	9769 Fisk Road	', '	5516	', '	China	', '	274-1147-97	', '2020-11-18 21:56:58', '2020-11-18 23:57:28'),
(21, '	Alberta	', '	Barnes	', '	a.barnes@randatmail.com	', '25d55ad283aa400af464c76d713c07ad', 0, '	25482 Lakewood Gardens Way	', '	9750	', '	Turkey	', '	756-9054-29	', '2020-11-18 21:56:58', '2020-11-18 23:57:28'),
(22, '	Maria	', '	Murphy	', '	m.murphy@randatmail.com	', '25d55ad283aa400af464c76d713c07ad', 0, '	36376 Crest Line Center	', '	8110	', '	Micronesia	', '	485-7816-34	', '2020-11-18 21:56:58', '2020-11-18 23:57:28'),
(23, '	Patrick	', '	Thomas	', '	p.thomas@randatmail.com	', '25d55ad283aa400af464c76d713c07ad', 0, '	916 Namekagon Avenue	', '	2208	', '	Indonesia	', '	060-1666-43	', '2020-11-18 21:56:58', '2020-11-18 23:57:28'),
(24, '	Lucy	', '	Martin	', '	l.martin@randatmail.com	', '25d55ad283aa400af464c76d713c07ad', 0, '	3865 Roth Hill	', '	4993	', '	China	', '	301-1190-93	', '2020-11-18 21:56:58', '2020-11-18 23:57:28'),
(25, '	Lucas	', '	Bailey	', '	l.bailey@randatmail.com	', '25d55ad283aa400af464c76d713c07ad', 0, '	2036 Utah Trail	', '	4964	', '	Brazil	', '	006-3365-82	', '2020-11-18 21:56:58', '2020-11-18 23:57:28'),
(26, '	Tony	', '	Russell	', '	t.russell@randatmail.com	', '25d55ad283aa400af464c76d713c07ad', 0, '	35 Randy Junction	', '	3338	', '	China	', '	926-6006-20	', '2020-11-18 21:56:58', '2020-11-18 23:57:28'),
(27, '	Arianna	', '	Carter	', '	a.carter@randatmail.com	', '25d55ad283aa400af464c76d713c07ad', 0, '	80 Banding Avenue	', '	8923	', '	China	', '	063-6865-73	', '2020-11-18 21:56:58', '2020-11-18 23:57:28'),
(28, '	Byron	', '	Gibson	', '	b.gibson@randatmail.com	', '25d55ad283aa400af464c76d713c07ad', 0, '	2 Kim Hill	', '	3055	', '	Sweden	', '	801-7075-82	', '2020-11-18 21:56:59', '2020-11-18 23:57:28'),
(29, '	Lana	', '	Armstrong	', '	l.armstrong@randatmail.com	', '25d55ad283aa400af464c76d713c07ad', 0, '	1 Sundown Crossing	', '	6839	', '	Zimbabwe	', '	613-1171-51	', '2020-11-18 21:56:59', '2020-11-18 23:57:28'),
(30, '	Brianna	', '	Cameron	', '	b.cameron@randatmail.com	', '25d55ad283aa400af464c76d713c07ad', 0, '	7645 Carpenter Road	', '	2023	', '	China	', '	898-8571-08	', '2020-11-18 21:56:59', '2020-11-18 23:57:28'),
(31, '	Mike	', '	Ellis	', '	m.ellis@randatmail.com	', '25d55ad283aa400af464c76d713c07ad', 0, '	38543 Magdeline Terrace	', '	1299	', '	Iran	', '	023-5241-92	', '2020-11-18 21:56:59', '2020-11-18 23:57:28'),
(32, '	Aiden	', '	Barnes	', '	a.barnes@randatmail.com	', '25d55ad283aa400af464c76d713c07ad', 0, '	24480 Colorado Parkway	', '	6702	', '	Indonesia	', '	643-8633-05	', '2020-11-18 21:56:59', '2020-11-18 23:57:28'),
(33, '	Melanie	', '	Carroll	', '	m.carroll@randatmail.com	', '25d55ad283aa400af464c76d713c07ad', 0, '	19152 Rowland Center	', '	770	', '	Poland	', '	199-8846-53	', '2020-11-18 21:56:59', '2020-11-18 23:57:28'),
(34, '	Jared	', '	Craig	', '	j.craig@randatmail.com	', '25d55ad283aa400af464c76d713c07ad', 0, '	50188 Dwight Trail	', '	1006	', '	Paraguay	', '	485-7392-99	', '2020-11-18 21:56:59', '2020-11-18 23:57:28'),
(35, '	Lucia	', '	Taylor	', '	l.taylor@randatmail.com	', '25d55ad283aa400af464c76d713c07ad', 0, '	76 Prairieview Street	', '	5047	', '	Saint Kitts and Nevis	', '	425-7317-88	', '2020-11-18 21:56:59', '2020-11-18 23:57:28'),
(36, '	Sam	', '	Tucker	', '	s.tucker@randatmail.com	', '25d55ad283aa400af464c76d713c07ad', 0, '	18 Bay Way	', '	5011	', '	Mongolia	', '	439-7098-78	', '2020-11-18 21:56:59', '2020-11-18 23:57:28'),
(37, '	Sienna	', '	Roberts	', '	s.roberts@randatmail.com	', '25d55ad283aa400af464c76d713c07ad', 0, '	88708 Fallview Lane	', '	2714	', '	Netherlands	', '	827-2956-15	', '2020-11-18 21:56:59', '2020-11-18 23:57:28'),
(38, '	Bruce	', '	Bailey	', '	b.bailey@randatmail.com	', '25d55ad283aa400af464c76d713c07ad', 0, '	32 Dovetail Alley	', '	4450	', '	Ukraine	', '	152-2385-68	', '2020-11-18 21:56:59', '2020-11-18 23:57:28'),
(39, '	Aida	', '	Gray	', '	a.gray@randatmail.com	', '25d55ad283aa400af464c76d713c07ad', 0, '	685 Cascade Parkway	', '	6493	', '	Peru	', '	762-6099-50	', '2020-11-18 21:56:59', '2020-11-18 23:57:28'),
(40, '	Arnold	', '	Douglas	', '	a.douglas@randatmail.com	', '25d55ad283aa400af464c76d713c07ad', 0, '	44 Clyde Gallagher Drive	', '	3826	', '	China	', '	473-5594-05	', '2020-11-18 21:56:59', '2020-11-18 23:57:28'),
(41, '	Catherine	', '	Wells	', '	c.wells@randatmail.com	', '25d55ad283aa400af464c76d713c07ad', 0, '	6490 Quincy Hill	', '	6	', '	Indonesia	', '	444-5931-79	', '2020-11-18 21:56:59', '2020-11-18 23:57:28'),
(42, '	Joyce	', '	Henderson	', '	j.henderson@randatmail.com	', '25d55ad283aa400af464c76d713c07ad', 0, '	229 Schiller Parkway	', '	5793	', '	China	', '	332-7937-47	', '2020-11-18 21:56:59', '2020-11-18 23:57:28'),
(43, '	Cherry	', '	Carter	', '	c.carter@randatmail.com	', '25d55ad283aa400af464c76d713c07ad', 0, '	7 Almo Plaza	', '	4697	', '	Thailand	', '	525-3639-98	', '2020-11-18 21:56:59', '2020-11-18 23:57:28'),
(44, '	Henry	', '	Watson	', '	h.watson@randatmail.com	', '25d55ad283aa400af464c76d713c07ad', 0, '	05 Hollow Ridge Parkway	', '	9136	', '	Thailand	', '	073-7703-01	', '2020-11-18 21:56:59', '2020-11-18 23:57:28'),
(45, '	Sofia	', '	Anderson	', '	s.anderson@randatmail.com	', '25d55ad283aa400af464c76d713c07ad', 0, '	99003 Dovetail Hill	', '	8507	', '	Brazil	', '	065-1677-62	', '2020-11-18 21:56:59', '2020-11-18 23:57:28'),
(46, '	Tony	', '	Ferguson	', '	t.ferguson@randatmail.com	', '25d55ad283aa400af464c76d713c07ad', 0, '	621 South Parkway	', '	5104	', '	China	', '	406-3123-39	', '2020-11-18 21:56:59', '2020-11-18 23:57:28'),
(47, '	Kellan	', '	Stewart	', '	k.stewart@randatmail.com	', '25d55ad283aa400af464c76d713c07ad', 0, '	5679 Nobel Terrace	', '	9591	', '	Poland	', '	922-8967-57	', '2020-11-18 21:56:59', '2020-11-18 23:57:28'),
(48, '	Richard	', '	Sullivan	', '	r.sullivan@randatmail.com	', '25d55ad283aa400af464c76d713c07ad', 0, '	07657 Texas Drive	', '	9875	', '	China	', '	456-6302-06	', '2020-11-18 21:56:59', '2020-11-18 23:57:28'),
(49, '	Aida	', '	Tucker	', '	a.tucker@randatmail.com	', '25d55ad283aa400af464c76d713c07ad', 0, '	41654 Pierstorff Avenue	', '	9531	', '	Pakistan	', '	223-8680-82	', '2020-11-18 21:56:59', '2020-11-18 23:57:28'),
(50, '	Miranda	', '	Hawkins	', '	m.hawkins@randatmail.com	', '25d55ad283aa400af464c76d713c07ad', 0, '	73 Melby Crossing	', '	430	', '	France	', '	661-3072-31	', '2020-11-18 21:56:59', '2020-11-18 23:57:28'),
(51, '	Elian	', '	Tucker	', '	e.tucker@randatmail.com	', '25d55ad283aa400af464c76d713c07ad', 0, '	104 Mitchell Junction	', '	8532	', '	Indonesia	', '	671-2992-15	', '2020-11-18 21:56:59', '2020-11-18 23:57:28'),
(52, '	Victoria	', '	Campbell	', '	v.campbell@randatmail.com	', '25d55ad283aa400af464c76d713c07ad', 0, '	4116 Carey Hill	', '	4527	', '	Vietnam	', '	069-1695-64	', '2020-11-18 21:56:59', '2020-11-18 23:57:28'),
(53, '	Annabella	', '	Phillips	', '	a.phillips@randatmail.com	', '25d55ad283aa400af464c76d713c07ad', 0, '	5 Village Crossing	', '	1789	', '	Nigeria	', '	337-2725-35	', '2020-11-18 21:56:59', '2020-11-18 23:57:28'),
(54, '	Sawyer	', '	Higgins	', '	s.higgins@randatmail.com	', '25d55ad283aa400af464c76d713c07ad', 0, '	3478 Evergreen Plaza	', '	107	', '	Yemen	', '	584-7497-91	', '2020-11-18 21:56:59', '2020-11-18 23:57:28'),
(55, '	Jacob	', '	Casey	', '	j.casey@randatmail.com	', '25d55ad283aa400af464c76d713c07ad', 0, '	7071 Farragut Crossing	', '	7181	', '	Russia	', '	646-4873-90	', '2020-11-18 21:56:59', '2020-11-18 23:57:28'),
(56, '	Eric	', '	Andrews	', '	e.andrews@randatmail.com	', '25d55ad283aa400af464c76d713c07ad', 0, '	8 Mayer Court	', '	1736	', '	Russia	', '	117-9717-00	', '2020-11-18 21:56:59', '2020-11-18 23:57:28'),
(57, '	Chester	', '	Hill	', '	c.hill@randatmail.com	', '25d55ad283aa400af464c76d713c07ad', 0, '	45 Grasskamp Terrace	', '	5746	', '	Malaysia	', '	839-8325-89	', '2020-11-18 21:56:59', '2020-11-18 23:57:28'),
(58, '	Lucas	', '	Ross	', '	l.ross@randatmail.com	', '25d55ad283aa400af464c76d713c07ad', 0, '	8 Crest Line Circle	', '	7357	', '	Denmark	', '	139-2107-68	', '2020-11-18 21:56:59', '2020-11-18 23:57:28'),
(59, '	Stella	', '	Brooks	', '	s.brooks@randatmail.com	', '25d55ad283aa400af464c76d713c07ad', 0, '	08 Hermina Point	', '	6636	', '	Peru	', '	510-8415-55	', '2020-11-18 21:56:59', '2020-11-18 23:57:28'),
(60, '	Cadie	', '	Anderson	', '	c.anderson@randatmail.com	', '25d55ad283aa400af464c76d713c07ad', 0, '	4905 Oneill Trail	', '	8415	', '	Indonesia	', '	011-2017-71	', '2020-11-18 21:56:59', '2020-11-18 23:57:28'),
(61, '	Alexia	', '	Grant	', '	a.grant@randatmail.com	', '25d55ad283aa400af464c76d713c07ad', 0, '	477 Holmberg Center	', '	1940	', '	Brazil	', '	474-0695-09	', '2020-11-18 21:56:59', '2020-11-18 23:57:28'),
(62, '	Ellia	', '	Harrison	', '	e.harrison@randatmail.com	', '25d55ad283aa400af464c76d713c07ad', 0, '	005 Sherman Avenue	', '	7302	', '	Russia	', '	819-0042-56	', '2020-11-18 21:56:59', '2020-11-18 23:57:28'),
(63, '	Darcy	', '	Higgins	', '	d.higgins@randatmail.com	', '25d55ad283aa400af464c76d713c07ad', 0, '	329 Roth Road	', '	1727	', '	Russia	', '	491-4693-56	', '2020-11-18 21:56:59', '2020-11-18 23:57:28'),
(64, '	Alan	', '	Cunningham	', '	a.cunningham@randatmail.com	', '25d55ad283aa400af464c76d713c07ad', 0, '	8 Walton Center	', '	1352	', '	Philippines	', '	441-5717-95	', '2020-11-18 21:56:59', '2020-11-18 23:57:28'),
(65, '	Agata	', '	Campbell	', '	a.campbell@randatmail.com	', '25d55ad283aa400af464c76d713c07ad', 0, '	0308 Bonner Way	', '	6697	', '	Russia	', '	404-8469-78	', '2020-11-18 21:57:00', '2020-11-18 23:57:28'),
(66, '	Adrianna	', '	Howard	', '	a.howard@randatmail.com	', '25d55ad283aa400af464c76d713c07ad', 0, '	556 Weeping Birch Hill	', '	5738	', '	Indonesia	', '	057-4716-35	', '2020-11-18 21:57:00', '2020-11-18 23:57:28'),
(67, '	Evelyn	', '	Moore	', '	e.moore@randatmail.com	', '25d55ad283aa400af464c76d713c07ad', 0, '	76 Transport Pass	', '	7454	', '	United States	', '	313-9111-14	', '2020-11-18 21:57:00', '2020-11-18 23:57:28'),
(68, '	Olivia	', '	Grant	', '	o.grant@randatmail.com	', '25d55ad283aa400af464c76d713c07ad', 0, '	92 Commercial Center	', '	1070	', '	United States	', '	112-8626-67	', '2020-11-18 21:57:00', '2020-11-18 23:57:28'),
(69, '	Victoria	', '	Gibson	', '	v.gibson@randatmail.com	', '25d55ad283aa400af464c76d713c07ad', 0, '	607 Gulseth Place	', '	6514	', '	Rwanda	', '	932-7643-64	', '2020-11-18 21:57:00', '2020-11-18 23:57:28'),
(70, '	Myra	', '	Farrell	', '	m.farrell@randatmail.com	', '25d55ad283aa400af464c76d713c07ad', 0, '	03 Russell Terrace	', '	986	', '	Brazil	', '	768-2128-21	', '2020-11-18 21:57:00', '2020-11-18 23:57:28'),
(71, '	Oliver	', '	Tucker	', '	o.tucker@randatmail.com	', '25d55ad283aa400af464c76d713c07ad', 0, '	14018 Hansons Alley	', '	2245	', '	China	', '	682-7862-86	', '2020-11-18 21:57:00', '2020-11-18 23:57:28'),
(72, '	Sophia	', '	Moore	', '	s.moore@randatmail.com	', '25d55ad283aa400af464c76d713c07ad', 0, '	3 Dryden Pass	', '	6047	', '	China	', '	357-8194-40	', '2020-11-18 21:57:00', '2020-11-18 23:57:28'),
(73, '	Aida	', '	Barrett	', '	a.barrett@randatmail.com	', '25d55ad283aa400af464c76d713c07ad', 0, '	24 Meadow Ridge Court	', '	9583	', '	China	', '	666-1865-30	', '2020-11-18 21:57:00', '2020-11-18 23:57:28'),
(74, '	Gianna	', '	Thomas	', '	g.thomas@randatmail.com	', '25d55ad283aa400af464c76d713c07ad', 0, '	990 Talmadge Trail	', '	5915	', '	France	', '	658-6616-29	', '2020-11-18 21:57:00', '2020-11-18 23:57:28'),
(75, '	Vanessa	', '	Barrett	', '	v.barrett@randatmail.com	', '25d55ad283aa400af464c76d713c07ad', 0, '	1 Pond Court	', '	2650	', '	Indonesia	', '	572-4394-29	', '2020-11-18 21:57:00', '2020-11-18 23:57:28'),
(76, '	Lucia	', '	Henderson	', '	l.henderson@randatmail.com	', '25d55ad283aa400af464c76d713c07ad', 0, '	0597 Clove Parkway	', '	8289	', '	Indonesia	', '	302-9682-27	', '2020-11-18 21:57:00', '2020-11-18 23:57:28'),
(77, '	Madaline	', '	Ellis	', '	m.ellis@randatmail.com	', '25d55ad283aa400af464c76d713c07ad', 0, '	36802 High Crossing Way	', '	8514	', '	Canada	', '	732-9194-98	', '2020-11-18 21:57:00', '2020-11-18 23:57:28'),
(78, '	Melanie	', '	Scott	', '	m.scott@randatmail.com	', '25d55ad283aa400af464c76d713c07ad', 0, '	8309 Muir Way	', '	7879	', '	Indonesia	', '	132-2033-76	', '2020-11-18 21:57:00', '2020-11-18 23:57:28'),
(79, '	Abraham	', '	Cameron	', '	a.cameron@randatmail.com	', '25d55ad283aa400af464c76d713c07ad', 0, '	28 Schmedeman Street	', '	8901	', '	China	', '	989-6305-93	', '2020-11-18 21:57:00', '2020-11-18 23:57:28'),
(80, '	Ashton	', '	Bennett	', '	a.bennett@randatmail.com	', '25d55ad283aa400af464c76d713c07ad', 0, '	9 Washington Park	', '	9634	', '	Russia	', '	449-3417-10	', '2020-11-18 21:57:00', '2020-11-18 23:57:28'),
(81, '	Jenna	', '	Adams	', '	j.adams@randatmail.com	', '25d55ad283aa400af464c76d713c07ad', 0, '	90383 Oriole Street	', '	9575	', '	China	', '	528-4163-84	', '2020-11-18 21:57:00', '2020-11-18 23:57:28'),
(82, '	Daryl	', '	Martin	', '	d.martin@randatmail.com	', '25d55ad283aa400af464c76d713c07ad', 0, '	468 Kensington Road	', '	5199	', '	Ukraine	', '	077-1326-15	', '2020-11-18 21:57:00', '2020-11-18 23:57:28'),
(83, '	Victor	', '	Russell	', '	v.russell@randatmail.com	', '25d55ad283aa400af464c76d713c07ad', 0, '	3 Mesta Drive	', '	1368	', '	Brazil	', '	572-4537-33	', '2020-11-18 21:57:00', '2020-11-18 23:57:28'),
(84, '	Lilianna	', '	Davis	', '	l.davis@randatmail.com	', '25d55ad283aa400af464c76d713c07ad', 0, '	921 Surrey Road	', '	3637	', '	Syria	', '	421-6095-10	', '2020-11-18 21:57:00', '2020-11-18 23:57:28'),
(85, '	Annabella	', '	Thomas	', '	a.thomas@randatmail.com	', '25d55ad283aa400af464c76d713c07ad', 0, '	7 Marcy Lane	', '	7630	', '	Philippines	', '	529-0942-65	', '2020-11-18 21:57:00', '2020-11-18 23:57:28'),
(86, '	Marcus	', '	Hill	', '	m.hill@randatmail.com	', '25d55ad283aa400af464c76d713c07ad', 0, '	7 Starling Way	', '	2368	', '	France	', '	297-4169-47	', '2020-11-18 21:57:00', '2020-11-18 23:57:28'),
(87, '	Edgar	', '	Wells	', '	e.wells@randatmail.com	', '25d55ad283aa400af464c76d713c07ad', 0, '	77525 Ramsey Hill	', '	9144	', '	Philippines	', '	047-4135-63	', '2020-11-18 21:57:00', '2020-11-18 23:57:28'),
(88, '	Tony	', '	Wilson	', '	t.wilson@randatmail.com	', '25d55ad283aa400af464c76d713c07ad', 0, '	5725 Utah Center	', '	6914	', '	Venezuela	', '	755-7447-61	', '2020-11-18 21:57:00', '2020-11-18 23:57:28'),
(89, '	Natalie	', '	Baker	', '	n.baker@randatmail.com	', '25d55ad283aa400af464c76d713c07ad', 0, '	1 Warrior Center	', '	6250	', '	Thailand	', '	161-4545-47	', '2020-11-18 21:57:00', '2020-11-18 23:57:28'),
(90, '	Haris	', '	Miller	', '	h.miller@randatmail.com	', '25d55ad283aa400af464c76d713c07ad', 0, '	7950 Norway Maple Park	', '	5103	', '	Serbia	', '	587-6282-88	', '2020-11-18 21:57:00', '2020-11-18 23:57:28'),
(91, '	Amelia	', '	Brown	', '	a.brown@randatmail.com	', '25d55ad283aa400af464c76d713c07ad', 0, '	5559 Rowland Crossing	', '	9458	', '	Honduras	', '	082-2263-03	', '2020-11-18 21:57:00', '2020-11-18 23:57:28'),
(92, '	Jack	', '	Brooks	', '	j.brooks@randatmail.com	', '25d55ad283aa400af464c76d713c07ad', 0, '	432 Messerschmidt Pass	', '	246	', '	Indonesia	', '	835-1416-65	', '2020-11-18 21:57:00', '2020-11-18 23:57:28'),
(93, '	Hailey	', '	Taylor	', '	h.taylor@randatmail.com	', '25d55ad283aa400af464c76d713c07ad', 0, '	384 Talisman Drive	', '	1101	', '	China	', '	235-3143-02	', '2020-11-18 21:57:00', '2020-11-18 23:57:28'),
(94, '	Sofia	', '	Kelley	', '	s.kelley@randatmail.com	', '25d55ad283aa400af464c76d713c07ad', 0, '	72 Maple Wood Pass	', '	648	', '	Russia	', '	731-5021-82	', '2020-11-18 21:57:00', '2020-11-18 23:57:28'),
(95, '	Evelyn	', '	Hamilton	', '	e.hamilton@randatmail.com	', '25d55ad283aa400af464c76d713c07ad', 0, '	46 Lyons Court	', '	1888	', '	Norway	', '	915-4557-27	', '2020-11-18 21:57:00', '2020-11-18 23:57:28'),
(96, '	Lana	', '	Anderson	', '	l.anderson@randatmail.com	', '25d55ad283aa400af464c76d713c07ad', 0, '	3104 Cardinal Drive	', '	1928	', '	Mongolia	', '	200-8901-95	', '2020-11-18 21:57:00', '2020-11-18 23:57:28'),
(97, '	Derek	', '	Myers	', '	d.myers@randatmail.com	', '25d55ad283aa400af464c76d713c07ad', 0, '	3 Forest Dale Place	', '	7743	', '	Samoa	', '	344-4249-60	', '2020-11-18 21:57:00', '2020-11-18 23:57:28'),
(98, '	Joyce	', '	Payne	', '	j.payne@randatmail.com	', '25d55ad283aa400af464c76d713c07ad', 0, '	223 Hanson Point	', '	5836	', '	Bosnia and Herzegovina	', '	053-4903-09	', '2020-11-18 21:57:00', '2020-11-18 23:57:28'),
(99, '	Alford	', '	West	', '	a.west@randatmail.com	', '25d55ad283aa400af464c76d713c07ad', 0, '	2 Porter Avenue	', '	239	', '	Cuba	', '	716-1243-63	', '2020-11-18 21:57:00', '2020-11-18 23:57:28'),
(100, '	Camila	', '	Alexander	', '	c.alexander@randatmail.com	', '25d55ad283aa400af464c76d713c07ad', 0, '	786 Oneill Parkway	', '	2413	', '	Peru	', '	266-2978-91	', '2020-11-18 21:57:00', '2020-11-18 23:57:28'),
(101, '	Valeria	', '	Roberts	', '	v.roberts@randatmail.com	', '25d55ad283aa400af464c76d713c07ad', 0, '	475 Scott Pass	', '	9130	', '	China	', '	612-9436-03	', '2020-11-18 21:57:00', '2020-11-18 23:57:28'),
(102, '	Mike	', '	Tucker	', '	m.tucker@randatmail.com	', '25d55ad283aa400af464c76d713c07ad', 0, '	88309 Gina Street	', '	4578	', '	China	', '	445-8564-12	', '2020-11-18 21:57:01', '2020-11-18 23:57:28'),
(103, '	Arnold	', '	Cameron	', '	a.cameron@randatmail.com	', '25d55ad283aa400af464c76d713c07ad', 0, '	9 Dorton Street	', '	3447	', '	Colombia	', '	312-3984-03	', '2020-11-18 21:57:01', '2020-11-18 23:57:28'),
(104, '	Catherine	', '	Anderson	', '	c.anderson@randatmail.com	', '25d55ad283aa400af464c76d713c07ad', 0, '	5 Ruskin Place	', '	5920	', '	Vietnam	', '	288-9873-87	', '2020-11-18 21:57:01', '2020-11-18 23:57:28'),
(105, '	Fiona	', '	Reed	', '	f.reed@randatmail.com	', '25d55ad283aa400af464c76d713c07ad', 0, '	18 Superior Plaza	', '	7786	', '	Ukraine	', '	412-4747-56	', '2020-11-18 21:57:01', '2020-11-18 23:57:28'),
(106, '	Alfred	', '	Murray	', '	a.murray@randatmail.com	', '25d55ad283aa400af464c76d713c07ad', 0, '	3806 Menomonie Junction	', '	3964	', '	China	', '	965-6563-60	', '2020-11-18 21:57:01', '2020-11-18 23:57:28'),
(107, '	Rosie	', '	Higgins	', '	r.higgins@randatmail.com	', '25d55ad283aa400af464c76d713c07ad', 0, '	74836 Ruskin Terrace	', '	9717	', '	Greece	', '	780-2400-23	', '2020-11-18 21:57:01', '2020-11-18 23:57:28'),
(108, '	Kelsey	', '	Baker	', '	k.baker@randatmail.com	', '25d55ad283aa400af464c76d713c07ad', 0, '	875 Scott Parkway	', '	1330	', '	Indonesia	', '	537-1517-54	', '2020-11-18 21:57:01', '2020-11-18 23:57:28'),
(109, '	Alisa	', '	Perry	', '	a.perry@randatmail.com	', '25d55ad283aa400af464c76d713c07ad', 0, '	12 Ohio Place	', '	5140	', '	Mozambique	', '	095-5843-49	', '2020-11-18 21:57:01', '2020-11-18 23:57:28'),
(110, '	Adison	', '	Bailey	', '	a.bailey@randatmail.com	', '25d55ad283aa400af464c76d713c07ad', 0, '	32156 Dwight Trail	', '	3320	', '	Portugal	', '	440-6156-90	', '2020-11-18 21:57:01', '2020-11-18 23:57:28'),
(111, '	Martin	', '	West	', '	m.west@randatmail.com	', '25d55ad283aa400af464c76d713c07ad', 0, '	43 Waubesa Park	', '	1638	', '	Indonesia	', '	014-9354-26	', '2020-11-18 21:57:01', '2020-11-18 23:57:28'),
(112, '	Savana	', '	Anderson	', '	s.anderson@randatmail.com	', '25d55ad283aa400af464c76d713c07ad', 0, '	12 1st Road	', '	3974	', '	Poland	', '	922-1398-93	', '2020-11-18 21:57:01', '2020-11-18 23:57:28'),
(113, '	Eleanor	', '	Hill	', '	e.hill@randatmail.com	', '25d55ad283aa400af464c76d713c07ad', 0, '	9713 Nelson Road	', '	3137	', '	Brazil	', '	614-5014-80	', '2020-11-18 21:57:01', '2020-11-18 23:57:28'),
(114, '	Paige	', '	Carroll	', '	p.carroll@randatmail.com	', '25d55ad283aa400af464c76d713c07ad', 0, '	0 Upham Way	', '	7128	', '	Colombia	', '	157-4015-26	', '2020-11-18 21:57:01', '2020-11-18 23:57:28'),
(115, '	Amanda	', '	Morris	', '	a.morris@randatmail.com	', '25d55ad283aa400af464c76d713c07ad', 0, '	26018 Kingsford Pass	', '	6595	', '	China	', '	641-4959-98	', '2020-11-18 21:57:01', '2020-11-18 23:57:28'),
(116, '	Ryan	', '	Scott	', '	r.scott@randatmail.com	', '25d55ad283aa400af464c76d713c07ad', 0, '	7 Butternut Alley	', '	6374	', '	Argentina	', '	647-5340-32	', '2020-11-18 21:57:01', '2020-11-18 23:57:28'),
(117, '	Miranda	', '	Edwards	', '	m.edwards@randatmail.com	', '25d55ad283aa400af464c76d713c07ad', 0, '	3664 Eagle Crest Hill	', '	4088	', '	Ukraine	', '	118-8229-28	', '2020-11-18 21:57:01', '2020-11-18 23:57:28'),
(118, '	Sam	', '	Roberts	', '	s.roberts@randatmail.com	', '25d55ad283aa400af464c76d713c07ad', 0, '	5687 Logan Pass	', '	6665	', '	Tunisia	', '	438-1871-31	', '2020-11-18 21:57:01', '2020-11-18 23:57:28'),
(119, '	Rubie	', '	Tucker	', '	r.tucker@randatmail.com	', '25d55ad283aa400af464c76d713c07ad', 0, '	95 Reindahl Hill	', '	2910	', '	Indonesia	', '	122-5778-75	', '2020-11-18 21:57:01', '2020-11-18 23:57:28'),
(120, '	Lana	', '	Sullivan	', '	l.sullivan@randatmail.com	', '25d55ad283aa400af464c76d713c07ad', 0, '	741 Morrow Street	', '	4452	', '	Peru	', '	717-6916-38	', '2020-11-18 21:57:01', '2020-11-18 23:57:28'),
(121, '	Rubie	', '	Williams	', '	r.williams@randatmail.com	', '25d55ad283aa400af464c76d713c07ad', 0, '	2510 Pine View Park	', '	5942	', '	Greece	', '	193-1811-91	', '2020-11-18 21:57:01', '2020-11-18 23:57:28'),
(122, '	Maria	', '	Foster	', '	m.foster@randatmail.com	', '25d55ad283aa400af464c76d713c07ad', 0, '	989 Ridgeview Avenue	', '	1259	', '	Germany	', '	582-1738-28	', '2020-11-18 21:57:01', '2020-11-18 23:57:28'),
(123, '	Jasmine	', '	Campbell	', '	j.campbell@randatmail.com	', '25d55ad283aa400af464c76d713c07ad', 0, '	1 Wayridge Parkway	', '	5874	', '	Norway	', '	669-2749-40	', '2020-11-18 21:57:01', '2020-11-18 23:57:28'),
(124, '	Kirsten	', '	Barnes	', '	k.barnes@randatmail.com	', '25d55ad283aa400af464c76d713c07ad', 0, '	95 Lakeland Point	', '	6369	', '	Brazil	', '	809-7331-06	', '2020-11-18 21:57:01', '2020-11-18 23:57:28'),
(125, '	Kirsten	', '	Baker	', '	k.baker@randatmail.com	', '25d55ad283aa400af464c76d713c07ad', 0, '	0387 Mandrake Point	', '	7002	', '	Tajikistan	', '	556-3448-48	', '2020-11-18 21:57:01', '2020-11-18 23:57:28'),
(126, '	Patrick	', '	Payne	', '	p.payne@randatmail.com	', '25d55ad283aa400af464c76d713c07ad', 0, '	13 Continental Point	', '	8706	', '	Brazil	', '	531-7988-44	', '2020-11-18 21:57:01', '2020-11-18 23:57:28'),
(127, '	Maya	', '	Hunt	', '	m.hunt@randatmail.com	', '25d55ad283aa400af464c76d713c07ad', 0, '	2 Paget Point	', '	2047	', '	Philippines	', '	376-2029-69	', '2020-11-18 21:57:01', '2020-11-18 23:57:28'),
(128, '	Tyler	', '	Bennett	', '	t.bennett@randatmail.com	', '25d55ad283aa400af464c76d713c07ad', 0, '	6 Almo Terrace	', '	6712	', '	Indonesia	', '	894-0802-42	', '2020-11-18 21:57:01', '2020-11-18 23:57:28'),
(129, '	Lily	', '	Clark	', '	l.clark@randatmail.com	', '25d55ad283aa400af464c76d713c07ad', 0, '	5348 Mccormick Alley	', '	485	', '	China	', '	261-3391-43	', '2020-11-18 21:57:01', '2020-11-18 23:57:28'),
(130, '	Frederick	', '	Henderson	', '	f.henderson@randatmail.com	', '25d55ad283aa400af464c76d713c07ad', 0, '	0 Mayer Drive	', '	7259	', '	Czech Republic	', '	512-7284-06	', '2020-11-18 21:57:01', '2020-11-18 23:57:28'),
(131, '	Aldus	', '	Mitchell	', '	a.mitchell@randatmail.com	', '25d55ad283aa400af464c76d713c07ad', 0, '	8987 Bellgrove Circle	', '	2547	', '	Poland	', '	003-4718-50	', '2020-11-18 21:57:01', '2020-11-18 23:57:28'),
(132, '	Alford	', '	Mitchell	', '	a.mitchell@randatmail.com	', '25d55ad283aa400af464c76d713c07ad', 0, '	4 Southridge Street	', '	2886	', '	Sweden	', '	205-5607-73	', '2020-11-18 21:57:01', '2020-11-18 23:57:28'),
(133, '	Adison	', '	Morgan	', '	a.morgan@randatmail.com	', '25d55ad283aa400af464c76d713c07ad', 0, '	99350 Muir Way	', '	4597	', '	Indonesia	', '	905-2265-75	', '2020-11-18 21:57:01', '2020-11-18 23:57:28'),
(134, '	Arnold	', '	Craig	', '	a.craig@randatmail.com	', '25d55ad283aa400af464c76d713c07ad', 0, '	3867 Leroy Lane	', '	2570	', '	Germany	', '	025-2034-09	', '2020-11-18 21:57:01', '2020-11-18 23:57:28'),
(135, '	Edith	', '	West	', '	e.west@randatmail.com	', '25d55ad283aa400af464c76d713c07ad', 0, '	07225 Arkansas Hill	', '	2643	', '	Portugal	', '	406-7919-49	', '2020-11-18 21:57:01', '2020-11-18 23:57:28'),
(136, '	Heather	', '	Tucker	', '	h.tucker@randatmail.com	', '25d55ad283aa400af464c76d713c07ad', 0, '	2 Sunbrook Lane	', '	9511	', '	Sweden	', '	872-9234-38	', '2020-11-18 21:57:01', '2020-11-18 23:57:28'),
(137, '	Sarah	', '	Tucker	', '	s.tucker@randatmail.com	', '25d55ad283aa400af464c76d713c07ad', 0, '	9 Comanche Road	', '	7936	', '	Brazil	', '	262-8276-97	', '2020-11-18 21:57:01', '2020-11-18 23:57:28'),
(138, '	Brooke	', '	Murray	', '	b.murray@randatmail.com	', '25d55ad283aa400af464c76d713c07ad', 0, '	837 Heath Park	', '	8739	', '	Bulgaria	', '	556-0457-95	', '2020-11-18 21:57:01', '2020-11-18 23:57:28'),
(139, '	Carina	', '	Mitchell	', '	c.mitchell@randatmail.com	', '25d55ad283aa400af464c76d713c07ad', 0, '	294 Lighthouse Bay Way	', '	1694	', '	Sweden	', '	517-4584-37	', '2020-11-18 21:57:01', '2020-11-18 23:57:28'),
(140, '	Gianna	', '	Elliott	', '	g.elliott@randatmail.com	', '25d55ad283aa400af464c76d713c07ad', 0, '	18491 Swallow Street	', '	8661	', '	Czech Republic	', '	019-1118-48	', '2020-11-18 21:57:01', '2020-11-18 23:57:28'),
(141, '	Bruce	', '	Richards	', '	b.richards@randatmail.com	', '25d55ad283aa400af464c76d713c07ad', 0, '	39613 Lakewood Park	', '	1256	', '	Sri Lanka	', '	338-2399-36	', '2020-11-18 21:57:02', '2020-11-18 23:57:28'),
(142, '	Aida	', '	Barnes	', '	a.barnes@randatmail.com	', '25d55ad283aa400af464c76d713c07ad', 0, '	170 Kingsford Park	', '	7940	', '	Russia	', '	443-4545-76	', '2020-11-18 21:57:02', '2020-11-18 23:57:28'),
(143, '	James	', '	Higgins	', '	j.higgins@randatmail.com	', '25d55ad283aa400af464c76d713c07ad', 0, '	28332 Brickson Park Lane	', '	8221	', '	Japan	', '	246-2626-15	', '2020-11-18 21:57:02', '2020-11-18 23:57:28'),
(144, '	Dainton	', '	Hunt	', '	d.hunt@randatmail.com	', '25d55ad283aa400af464c76d713c07ad', 0, '	12902 Burning Wood Avenue	', '	3842	', '	United States	', '	186-5395-25	', '2020-11-18 21:57:02', '2020-11-18 23:57:28'),
(145, '	Maximilian	', '	Hill	', '	m.hill@randatmail.com	', '25d55ad283aa400af464c76d713c07ad', 0, '	553 Ryan Park	', '	8606	', '	Philippines	', '	367-2298-22	', '2020-11-18 21:57:02', '2020-11-18 23:57:28'),
(146, '	Vincent	', '	Wells	', '	v.wells@randatmail.com	', '25d55ad283aa400af464c76d713c07ad', 0, '	61 Lakewood Place	', '	9677	', '	Russia	', '	275-1825-48	', '2020-11-18 21:57:02', '2020-11-18 23:57:28'),
(147, '	Reid	', '	Harper	', '	r.harper@randatmail.com	', '25d55ad283aa400af464c76d713c07ad', 0, '	61919 Melrose Center	', '	8849	', '	Tanzania	', '	641-8545-51	', '2020-11-18 21:57:02', '2020-11-18 23:57:28'),
(148, '	Adrian	', '	Jones	', '	a.jones@randatmail.com	', '25d55ad283aa400af464c76d713c07ad', 0, '	6437 Cardinal Junction	', '	1472	', '	Macedonia	', '	966-0000-58	', '2020-11-18 21:57:02', '2020-11-18 23:57:28'),
(149, '	Alen	', '	Adams	', '	a.adams@randatmail.com	', '25d55ad283aa400af464c76d713c07ad', 0, '	4646 Sutteridge Pass	', '	5622	', '	Brazil	', '	240-9473-66	', '2020-11-18 21:57:02', '2020-11-18 23:57:28'),
(150, '	Sofia	', '	Cooper	', '	s.cooper@randatmail.com	', '25d55ad283aa400af464c76d713c07ad', 0, '	4390 Hudson Street	', '	696	', '	Mexico	', '	401-4346-53	', '2020-11-18 21:57:02', '2020-11-18 23:57:28'),
(151, '	Amy	', '	Stewart	', '	a.stewart@randatmail.com	', '25d55ad283aa400af464c76d713c07ad', 0, '	1 Northview Street	', '	3706	', '	China	', '	697-6840-76	', '2020-11-18 21:57:02', '2020-11-18 23:57:28'),
(152, '	Florrie	', '	Bailey	', '	f.bailey@randatmail.com	', '25d55ad283aa400af464c76d713c07ad', 0, '	1 Arapahoe Drive	', '	4091	', '	Honduras	', '	223-0193-33	', '2020-11-18 21:57:02', '2020-11-18 23:57:28'),
(153, '	Roman	', '	Thomas	', '	r.thomas@randatmail.com	', '25d55ad283aa400af464c76d713c07ad', 0, '	3439 Luster Place	', '	7585	', '	Colombia	', '	249-5563-51	', '2020-11-18 21:57:02', '2020-11-18 23:57:28'),
(154, '	Briony	', '	Moore	', '	b.moore@randatmail.com	', '25d55ad283aa400af464c76d713c07ad', 0, '	559 3rd Point	', '	4373	', '	Philippines	', '	738-9966-31	', '2020-11-18 21:57:02', '2020-11-18 23:57:28'),
(155, '	Miller	', '	Warren	', '	m.warren@randatmail.com	', '25d55ad283aa400af464c76d713c07ad', 0, '	63708 Kenwood Street	', '	4713	', '	Mexico	', '	851-8341-04	', '2020-11-18 21:57:02', '2020-11-18 23:57:28'),
(156, '	Tess	', '	Parker	', '	t.parker@randatmail.com	', '25d55ad283aa400af464c76d713c07ad', 0, '	081 Bunker Hill Pass	', '	1702	', '	Guatemala	', '	834-6251-12	', '2020-11-18 21:57:02', '2020-11-18 23:57:28'),
(157, '	Arnold	', '	Hunt	', '	a.hunt@randatmail.com	', '25d55ad283aa400af464c76d713c07ad', 0, '	60669 Stang Street	', '	1364	', '	Indonesia	', '	572-7911-75	', '2020-11-18 21:57:02', '2020-11-18 23:57:28'),
(158, '	Madaline	', '	Campbell	', '	m.campbell@randatmail.com	', '25d55ad283aa400af464c76d713c07ad', 0, '	0754 Glacier Hill Pass	', '	9582	', '	Latvia	', '	225-2910-62	', '2020-11-18 21:57:02', '2020-11-18 23:57:28'),
(159, '	Agata	', '	Moore	', '	a.moore@randatmail.com	', '25d55ad283aa400af464c76d713c07ad', 0, '	69 Bluestem Center	', '	2175	', '	China	', '	975-3899-80	', '2020-11-18 21:57:02', '2020-11-18 23:57:28'),
(160, '	Melanie	', '	Perry	', '	m.perry@randatmail.com	', '25d55ad283aa400af464c76d713c07ad', 0, '	210 Kipling Street	', '	5314	', '	Japan	', '	409-1384-78	', '2020-11-18 21:57:02', '2020-11-18 23:57:28'),
(161, '	David	', '	Roberts	', '	d.roberts@randatmail.com	', '25d55ad283aa400af464c76d713c07ad', 0, '	24 Shopko Alley	', '	2224	', '	Somalia	', '	694-3034-18	', '2020-11-18 21:57:02', '2020-11-18 23:57:28'),
(162, '	Kirsten	', '	Bailey	', '	k.bailey@randatmail.com	', '25d55ad283aa400af464c76d713c07ad', 0, '	704 Northridge Plaza	', '	9360	', '	Peru	', '	300-5012-81	', '2020-11-18 21:57:02', '2020-11-18 23:57:28'),
(163, '	Elise	', '	Brown	', '	e.brown@randatmail.com	', '25d55ad283aa400af464c76d713c07ad', 0, '	78 Ryan Pass	', '	4861	', '	Armenia	', '	335-8539-96	', '2020-11-18 21:57:02', '2020-11-18 23:57:28'),
(164, '	Mary	', '	Cooper	', '	m.cooper@randatmail.com	', '25d55ad283aa400af464c76d713c07ad', 0, '	10 Weeping Birch Park	', '	9684	', '	Sweden	', '	479-0914-24	', '2020-11-18 21:57:02', '2020-11-18 23:57:28'),
(165, '	Luke	', '	Adams	', '	l.adams@randatmail.com	', '25d55ad283aa400af464c76d713c07ad', 0, '	27814 Thompson Avenue	', '	5839	', '	France	', '	882-0018-02	', '2020-11-18 21:57:02', '2020-11-18 23:57:28'),
(166, '	Lucas	', '	Owens	', '	l.owens@randatmail.com	', '25d55ad283aa400af464c76d713c07ad', 0, '	6 Marcy Road	', '	2923	', '	China	', '	292-6491-03	', '2020-11-18 21:57:02', '2020-11-18 23:57:28'),
(167, '	Michael	', '	Murphy	', '	m.murphy@randatmail.com	', '25d55ad283aa400af464c76d713c07ad', 0, '	4 Crest Line Plaza	', '	8018	', '	Kazakhstan	', '	039-8376-46	', '2020-11-18 21:57:02', '2020-11-18 23:57:28'),
(168, '	Edward	', '	Miller	', '	e.miller@randatmail.com	', '25d55ad283aa400af464c76d713c07ad', 0, '	2655 Mitchell Crossing	', '	3179	', '	United States	', '	976-2561-10	', '2020-11-18 21:57:02', '2020-11-18 23:57:28'),
(169, '	Belinda	', '	Gibson	', '	b.gibson@randatmail.com	', '25d55ad283aa400af464c76d713c07ad', 0, '	267 Sundown Hill	', '	8845	', '	Ukraine	', '	559-2898-10	', '2020-11-18 21:57:02', '2020-11-18 23:57:28'),
(170, '	Sienna	', '	Wells	', '	s.wells@randatmail.com	', '25d55ad283aa400af464c76d713c07ad', 0, '	9 Nobel Alley	', '	6530	', '	France	', '	791-9186-01	', '2020-11-18 21:57:02', '2020-11-18 23:57:28'),
(171, '	Edith	', '	Sullivan	', '	e.sullivan@randatmail.com	', '25d55ad283aa400af464c76d713c07ad', 0, '	83 Banding Center	', '	5358	', '	France	', '	772-9800-29	', '2020-11-18 21:57:02', '2020-11-18 23:57:28'),
(172, '	Alisa	', '	Carroll	', '	a.carroll@randatmail.com	', '25d55ad283aa400af464c76d713c07ad', 0, '	5 Chinook Junction	', '	5987	', '	Poland	', '	071-5403-30	', '2020-11-18 21:57:02', '2020-11-18 23:57:28'),
(173, '	Sabrina	', '	Turner	', '	s.turner@randatmail.com	', '25d55ad283aa400af464c76d713c07ad', 0, '	926 Hoffman Parkway	', '	2914	', '	Czech Republic	', '	542-3297-06	', '2020-11-18 21:57:02', '2020-11-18 23:57:28'),
(174, '	Alberta	', '	Brown	', '	a.brown@randatmail.com	', '25d55ad283aa400af464c76d713c07ad', 0, '	092 Green Ridge Crossing	', '	9972	', '	China	', '	978-0935-10	', '2020-11-18 21:57:02', '2020-11-18 23:57:28'),
(175, '	Adam	', '	Lloyd	', '	a.lloyd@randatmail.com	', '25d55ad283aa400af464c76d713c07ad', 0, '	5 Hansons Parkway	', '	6750	', '	Russia	', '	931-5700-46	', '2020-11-18 21:57:02', '2020-11-18 23:57:28'),
(176, '	Aiden	', '	Dixon	', '	a.dixon@randatmail.com	', '25d55ad283aa400af464c76d713c07ad', 0, '	644 Troy Drive	', '	593	', '	Brazil	', '	826-5729-57	', '2020-11-18 21:57:02', '2020-11-18 23:57:28'),
(177, '	Maximilian	', '	Morrison	', '	m.morrison@randatmail.com	', '25d55ad283aa400af464c76d713c07ad', 0, '	29085 Crowley Street	', '	4881	', '	Indonesia	', '	862-6833-24	', '2020-11-18 21:57:02', '2020-11-18 23:57:28'),
(178, '	Jenna	', '	Cooper	', '	j.cooper@randatmail.com	', '25d55ad283aa400af464c76d713c07ad', 0, '	94445 Loomis Park	', '	3994	', '	China	', '	602-2566-78	', '2020-11-18 21:57:02', '2020-11-18 23:57:28'),
(179, '	Daisy	', '	Perkins	', '	d.perkins@randatmail.com	', '25d55ad283aa400af464c76d713c07ad', 0, '	450 Oriole Avenue	', '	2023	', '	Sweden	', '	236-0767-62	', '2020-11-18 21:57:02', '2020-11-18 23:57:28'),
(180, '	Rebecca	', '	Carter	', '	r.carter@randatmail.com	', '25d55ad283aa400af464c76d713c07ad', 0, '	19 Lindbergh Center	', '	9647	', '	Netherlands	', '	617-9299-26	', '2020-11-18 21:57:02', '2020-11-18 23:57:28'),
(181, '	April	', '	Payne	', '	a.payne@randatmail.com	', '25d55ad283aa400af464c76d713c07ad', 0, '	096 Dovetail Hill	', '	9167	', '	United States	', '	259-3243-99	', '2020-11-18 21:57:03', '2020-11-18 23:57:28'),
(182, '	Elian	', '	Alexander	', '	e.alexander@randatmail.com	', '25d55ad283aa400af464c76d713c07ad', 0, '	09 Alpine Center	', '	5035	', '	Sweden	', '	417-0979-25	', '2020-11-18 21:57:03', '2020-11-18 23:57:28'),
(183, '	Amanda	', '	Thompson	', '	a.thompson@randatmail.com	', '25d55ad283aa400af464c76d713c07ad', 0, '	08994 Sullivan Way	', '	8628	', '	Albania	', '	668-7228-25	', '2020-11-18 21:57:03', '2020-11-18 23:57:28'),
(184, '	Michelle	', '	Riley	', '	m.riley@randatmail.com	', '25d55ad283aa400af464c76d713c07ad', 0, '	162 Ridgeway Place	', '	1295	', '	Colombia	', '	295-8351-88	', '2020-11-18 21:57:03', '2020-11-18 23:57:28'),
(185, '	Camila	', '	Mason	', '	c.mason@randatmail.com	', '25d55ad283aa400af464c76d713c07ad', 0, '	43856 Waubesa Avenue	', '	6328	', '	Poland	', '	518-1258-81	', '2020-11-18 21:57:03', '2020-11-18 23:57:28'),
(186, '	Frederick	', '	Wells	', '	f.wells@randatmail.com	', '25d55ad283aa400af464c76d713c07ad', 0, '	75 Dwight Junction	', '	4640	', '	Portugal	', '	382-5927-49	', '2020-11-18 21:57:03', '2020-11-18 23:57:28'),
(187, '	Freddie	', '	Holmes	', '	f.holmes@randatmail.com	', '25d55ad283aa400af464c76d713c07ad', 0, '	16545 Sheridan Park	', '	8216	', '	Finland	', '	669-1216-92	', '2020-11-18 21:57:03', '2020-11-18 23:57:28'),
(188, '	Eleanor	', '	Miller	', '	e.miller@randatmail.com	', '25d55ad283aa400af464c76d713c07ad', 0, '	93 Butterfield Drive	', '	1864	', '	Czech Republic	', '	051-1893-44	', '2020-11-18 21:57:03', '2020-11-18 23:57:28'),
(189, '	Kristian	', '	Mitchell	', '	k.mitchell@randatmail.com	', '25d55ad283aa400af464c76d713c07ad', 0, '	234 Heath Hill	', '	9480	', '	Israel	', '	513-4405-54	', '2020-11-18 21:57:03', '2020-11-18 23:57:28'),
(190, '	Caroline	', '	Campbell	', '	c.campbell@randatmail.com	', '25d55ad283aa400af464c76d713c07ad', 0, '	1 Aberg Hill	', '	2049	', '	Poland	', '	538-8065-28	', '2020-11-18 21:57:03', '2020-11-18 23:57:28'),
(191, '	Cadie	', '	Adams	', '	c.adams@randatmail.com	', '25d55ad283aa400af464c76d713c07ad', 0, '	23571 Muir Avenue	', '	4656	', '	Philippines	', '	529-5374-70	', '2020-11-18 21:57:03', '2020-11-18 23:57:28'),
(192, '	Miley	', '	Turner	', '	m.turner@randatmail.com	', '25d55ad283aa400af464c76d713c07ad', 0, '	18 Northwestern Point	', '	5751	', '	Grenada	', '	372-5811-98	', '2020-11-18 21:57:03', '2020-11-18 23:57:28'),
(193, '	Roman	', '	Hall	', '	r.hall@randatmail.com	', '25d55ad283aa400af464c76d713c07ad', 0, '	9 Division Court	', '	5454	', '	Canada	', '	707-7959-01	', '2020-11-18 21:57:03', '2020-11-18 23:57:28'),
(194, '	Maya	', '	Jones	', '	m.jones@randatmail.com	', '25d55ad283aa400af464c76d713c07ad', 0, '	7 Fieldstone Crossing	', '	6117	', '	Poland	', '	388-5068-70	', '2020-11-18 21:57:03', '2020-11-18 23:57:28'),
(195, '	Tess	', '	Watson	', '	t.watson@randatmail.com	', '25d55ad283aa400af464c76d713c07ad', 0, '	19 Erie Terrace	', '	6089	', '	Thailand	', '	628-6358-34	', '2020-11-18 21:57:03', '2020-11-18 23:57:28'),
(196, '	Lyndon	', '	Gibson	', '	l.gibson@randatmail.com	', '25d55ad283aa400af464c76d713c07ad', 0, '	62316 Florence Drive	', '	1015	', '	China	', '	825-7905-99	', '2020-11-18 21:57:03', '2020-11-18 23:57:28'),
(197, '	Charlotte	', '	Hall	', '	c.hall@randatmail.com	', '25d55ad283aa400af464c76d713c07ad', 0, '	16444 Elka Junction	', '	414	', '	Portugal	', '	231-5413-27	', '2020-11-18 21:57:03', '2020-11-18 23:57:28'),
(198, '	Grace	', '	Turner	', '	g.turner@randatmail.com	', '25d55ad283aa400af464c76d713c07ad', 0, '	37277 Anhalt Parkway	', '	3456	', '	Indonesia	', '	347-5513-97	', '2020-11-18 21:57:03', '2020-11-18 23:57:28'),
(199, '	Natalie	', '	Henderson	', '	n.henderson@randatmail.com	', '25d55ad283aa400af464c76d713c07ad', 0, '	9183 Kensington Junction	', '	6570	', '	Niue	', '	088-6772-70	', '2020-11-18 21:57:03', '2020-11-18 23:57:28'),
(200, '	James	', '	Carter	', '	j.carter@randatmail.com	', '25d55ad283aa400af464c76d713c07ad', 0, '	84 Carioca Drive	', '	4221	', '	Thailand	', '	258-6861-35	', '2020-11-18 21:57:03', '2020-11-18 23:57:28');

--
-- Indexes for dumped tables
--

--
-- Indexes for table `art`
--
ALTER TABLE `art`
  ADD PRIMARY KEY (`ID`),
  ADD KEY `ArtistID` (`ArtistID`),
  ADD KEY `UserID` (`UserID`);

--
-- Indexes for table `artist`
--
ALTER TABLE `artist`
  ADD PRIMARY KEY (`ID`);

--
-- Indexes for table `art_bidding`
--
ALTER TABLE `art_bidding`
  ADD PRIMARY KEY (`ID`),
  ADD KEY `ArtID` (`ArtID`);

--
-- Indexes for table `art_order`
--
ALTER TABLE `art_order`
  ADD PRIMARY KEY (`ID`),
  ADD KEY `ArtID` (`ArtID`),
  ADD KEY `UserID` (`UserID`);

--
-- Indexes for table `bid`
--
ALTER TABLE `bid`
  ADD PRIMARY KEY (`ID`),
  ADD KEY `ArtBiddingID` (`ArtBiddingID`),
  ADD KEY `UserID` (`UserID`);

--
-- Indexes for table `employee`
--
ALTER TABLE `employee`
  ADD PRIMARY KEY (`ID`);

--
-- Indexes for table `event`
--
ALTER TABLE `event`
  ADD PRIMARY KEY (`ID`);

--
-- Indexes for table `news`
--
ALTER TABLE `news`
  ADD PRIMARY KEY (`ID`),
  ADD KEY `EmpID` (`EmpID`);

--
-- Indexes for table `page`
--
ALTER TABLE `page`
  ADD PRIMARY KEY (`ID`),
  ADD KEY `EmpID` (`EmpID`);

--
-- Indexes for table `partner`
--
ALTER TABLE `partner`
  ADD PRIMARY KEY (`ID`),
  ADD KEY `EmpID` (`EmpID`);

--
-- Indexes for table `ticket`
--
ALTER TABLE `ticket`
  ADD PRIMARY KEY (`ID`),
  ADD KEY `TicketTypeID` (`TicketTypeID`),
  ADD KEY `EventID` (`EventID`);

--
-- Indexes for table `ticket_order`
--
ALTER TABLE `ticket_order`
  ADD PRIMARY KEY (`ID`),
  ADD KEY `TicketID` (`TicketID`),
  ADD KEY `UserID` (`UserID`);

--
-- Indexes for table `ticket_type`
--
ALTER TABLE `ticket_type`
  ADD PRIMARY KEY (`ID`);

--
-- Indexes for table `user`
--
ALTER TABLE `user`
  ADD PRIMARY KEY (`ID`);

--
-- AUTO_INCREMENT for dumped tables
--

--
-- AUTO_INCREMENT for table `art`
--
ALTER TABLE `art`
  MODIFY `ID` int(11) NOT NULL AUTO_INCREMENT, AUTO_INCREMENT=481;

--
-- AUTO_INCREMENT for table `artist`
--
ALTER TABLE `artist`
  MODIFY `ID` int(11) NOT NULL AUTO_INCREMENT, AUTO_INCREMENT=291;

--
-- AUTO_INCREMENT for table `art_bidding`
--
ALTER TABLE `art_bidding`
  MODIFY `ID` int(11) NOT NULL AUTO_INCREMENT, AUTO_INCREMENT=322;

--
-- AUTO_INCREMENT for table `art_order`
--
ALTER TABLE `art_order`
  MODIFY `ID` int(11) NOT NULL AUTO_INCREMENT, AUTO_INCREMENT=142;

--
-- AUTO_INCREMENT for table `bid`
--
ALTER TABLE `bid`
  MODIFY `ID` int(11) NOT NULL AUTO_INCREMENT, AUTO_INCREMENT=452;

--
-- AUTO_INCREMENT for table `employee`
--
ALTER TABLE `employee`
  MODIFY `ID` int(11) NOT NULL AUTO_INCREMENT, AUTO_INCREMENT=4;

--
-- AUTO_INCREMENT for table `event`
--
ALTER TABLE `event`
  MODIFY `ID` int(11) NOT NULL AUTO_INCREMENT, AUTO_INCREMENT=17;

--
-- AUTO_INCREMENT for table `news`
--
ALTER TABLE `news`
  MODIFY `ID` int(11) NOT NULL AUTO_INCREMENT, AUTO_INCREMENT=6;

--
-- AUTO_INCREMENT for table `page`
--
ALTER TABLE `page`
  MODIFY `ID` int(11) NOT NULL AUTO_INCREMENT, AUTO_INCREMENT=3;

--
-- AUTO_INCREMENT for table `partner`
--
ALTER TABLE `partner`
  MODIFY `ID` int(10) NOT NULL AUTO_INCREMENT, AUTO_INCREMENT=14;

--
-- AUTO_INCREMENT for table `ticket`
--
ALTER TABLE `ticket`
  MODIFY `ID` int(11) NOT NULL AUTO_INCREMENT, AUTO_INCREMENT=103;

--
-- AUTO_INCREMENT for table `ticket_order`
--
ALTER TABLE `ticket_order`
  MODIFY `ID` int(11) NOT NULL AUTO_INCREMENT, AUTO_INCREMENT=451;

--
-- AUTO_INCREMENT for table `ticket_type`
--
ALTER TABLE `ticket_type`
  MODIFY `ID` int(11) NOT NULL AUTO_INCREMENT, AUTO_INCREMENT=10;

--
-- AUTO_INCREMENT for table `user`
--
ALTER TABLE `user`
  MODIFY `ID` int(11) NOT NULL AUTO_INCREMENT, AUTO_INCREMENT=201;

--
-- Constraints for dumped tables
--

--
-- Constraints for table `art`
--
ALTER TABLE `art`
  ADD CONSTRAINT `art_ibfk_1` FOREIGN KEY (`ArtistID`) REFERENCES `artist` (`ID`) ON DELETE CASCADE ON UPDATE CASCADE,
  ADD CONSTRAINT `art_ibfk_2` FOREIGN KEY (`UserID`) REFERENCES `user` (`ID`) ON DELETE CASCADE ON UPDATE CASCADE;

--
-- Constraints for table `art_bidding`
--
ALTER TABLE `art_bidding`
  ADD CONSTRAINT `art_bidding_ibfk_1` FOREIGN KEY (`ArtID`) REFERENCES `art` (`ID`) ON DELETE CASCADE ON UPDATE CASCADE;

--
-- Constraints for table `art_order`
--
ALTER TABLE `art_order`
  ADD CONSTRAINT `art_order_ibfk_1` FOREIGN KEY (`UserID`) REFERENCES `user` (`ID`) ON DELETE CASCADE ON UPDATE CASCADE,
  ADD CONSTRAINT `art_order_ibfk_2` FOREIGN KEY (`ArtID`) REFERENCES `art` (`ID`) ON DELETE CASCADE ON UPDATE CASCADE;

--
-- Constraints for table `bid`
--
ALTER TABLE `bid`
  ADD CONSTRAINT `bid_ibfk_1` FOREIGN KEY (`ArtBiddingID`) REFERENCES `art_bidding` (`ID`) ON DELETE CASCADE ON UPDATE CASCADE,
  ADD CONSTRAINT `bid_ibfk_2` FOREIGN KEY (`UserID`) REFERENCES `user` (`ID`) ON DELETE CASCADE ON UPDATE CASCADE;

--
-- Constraints for table `news`
--
ALTER TABLE `news`
  ADD CONSTRAINT `news_ibfk_1` FOREIGN KEY (`EmpID`) REFERENCES `employee` (`ID`) ON DELETE CASCADE ON UPDATE CASCADE;

--
-- Constraints for table `page`
--
ALTER TABLE `page`
  ADD CONSTRAINT `page_ibfk_1` FOREIGN KEY (`EmpID`) REFERENCES `employee` (`ID`) ON DELETE CASCADE ON UPDATE CASCADE;

--
-- Constraints for table `partner`
--
ALTER TABLE `partner`
  ADD CONSTRAINT `partner_ibfk_1` FOREIGN KEY (`EmpID`) REFERENCES `employee` (`ID`) ON DELETE CASCADE ON UPDATE CASCADE;

--
-- Constraints for table `ticket`
--
ALTER TABLE `ticket`
  ADD CONSTRAINT `ticket_ibfk_1` FOREIGN KEY (`EventID`) REFERENCES `event` (`ID`) ON DELETE CASCADE ON UPDATE CASCADE,
  ADD CONSTRAINT `ticket_ibfk_2` FOREIGN KEY (`TicketTypeID`) REFERENCES `ticket_type` (`ID`) ON DELETE CASCADE ON UPDATE CASCADE;

--
-- Constraints for table `ticket_order`
--
ALTER TABLE `ticket_order`
  ADD CONSTRAINT `ticket_order_ibfk_1` FOREIGN KEY (`TicketID`) REFERENCES `ticket` (`ID`) ON DELETE CASCADE ON UPDATE CASCADE,
  ADD CONSTRAINT `ticket_order_ibfk_2` FOREIGN KEY (`UserID`) REFERENCES `user` (`ID`) ON DELETE CASCADE ON UPDATE CASCADE;
COMMIT;

/*!40101 SET CHARACTER_SET_CLIENT=@OLD_CHARACTER_SET_CLIENT */;
/*!40101 SET CHARACTER_SET_RESULTS=@OLD_CHARACTER_SET_RESULTS */;
/*!40101 SET COLLATION_CONNECTION=@OLD_COLLATION_CONNECTION */;
